registration_no,category,name,email,telephone,address,validity,exchange_name,trade_name
:,Banker to an Issue,,,,,,,
INBI00001203,Banker to an Issue,AU Small Finance Bank Limited,manmohan.parnami@aubank.in,911416640275,"19-A, Dhuleshwar garden, Ajmer road, JAIPUR, RAJASTHAN, 302021","May 24, 2018 - Perpetual",,
INBI00000017,Banker to an Issue,AXIS BANK LTD (FORMERLY UTI BANK LIMITED),,24252204,"3RD FLOOR, TRISHUL ,OPP. SAMARTHESWAR TEMPLE, , LAW GARDEN, EILLS BRIDGE,, AHMEDABAD, GUJARAT, 380006","Nov 16, 2015 - Perpetual",,
INBI00001197,Banker to an Issue,Bandhan Bank Limited,sidheswar.sahu@bandhanbank.com,913366090909,"DN 32 Sector V , Salt lake City, KOLKATA, WEST BENGAL, 700091","Mar 09, 2018 - Perpetual",,
INBI00000030,Banker to an Issue,BANK OF BARODA,govtbusiness.ho@bankofbaroda.com,02652363261,"HEAD OFFICE, SURAJ PLAZA 1, SAYAJIGANJ, VADODARA, GUJARAT, 390005","Aug 08, 2016 - Perpetual",,
INBI00000009,Banker to an Issue,BANK OF INDIA,,"02266684594,93","STAR HOUSE, C-5, G BLOCK, BANDRA KURLA COMPLEX, BANDRA (E), MUMBAI, MAHARASHTRA, 400051","Jul 29, 2013 - Perpetual",,
INBI00000066,Banker to an Issue,BANK OF MAHARASHTRA,,02222780302,"MERCHANT BANKING CELL,APEEJAY HOUSE,1ST FLOOR, 130,DR.V.B.GANDHI MARG,FORT, MUMBAI, MAHARASHTRA, 400023","Jun 28, 2013 - Perpetual",,
INBI00000950,Banker to an Issue,BARCLAYS BANK PLC,,67196132,"801/808 Ceejay House, Shivsagar Estate, Dr.Annie Besant Road, Worli, Mumbai, MUMBAI, MAHARASHTRA, 400018","Sep 03, 2012 - Perpetual",,
INBI00000893,Banker to an Issue,BNP PARIBAS,,61964655,"FRENCH BANK BLDG, 1ST FLOOR,, 62 HOMJI STREET, FORT, MUMBAI, MAHARASHTRA, 400001","Jun 01, 2015 - Perpetual",,
INBI00000019,Banker to an Issue,CANARA BANK,,08022100250,"Prime corporate credit wing,Head office, 112 J C Road, BANGALORE, KARNATAKA, 560002","Nov 16, 2015 - Perpetual",,
INBI00001267,Banker to an Issue,Capital Small Finance Bank Limited,cs@capitalbank.co.in,9101815051111,"Midas Corporate Park, 3rd Floor 37 GT Road, JALANDHAR, PUNJAB, 144001","Apr 21, 2023 - Perpetual",,
INBI00000012,Banker to an Issue,CENTRAL BANK OF INDIA,,+91+919819057816,"CHANDRAMUKHI, NARIMAN POINT, MUMBAI, MAHARASHTRA, 400021","Nov 16, 2015 - Perpetual",,
INBI00000037,Banker to an Issue,CITIBANK,,022 40015582,"FIFC, PLOT C-54/55, BANDRA KURLA COMPLEX, G-BLOCK, BANDRA (E), MUMBAI, MAHARASHTRA, 400051","Dec 01, 2015 - Perpetual",,
INBI00000074,Banker to an Issue,CITY UNION BANK LTD.,,04352402322,"149 TSR (BIG)STREET, TAMIL NADU, 612001","Aug 11, 2014 - Perpetual",,
INBI00001164,Banker to an Issue,CSB Bank Ltd,cco@csb.co.in,09104876619300,"CSB BHAVAN, HEAD OFFICE, PB NO 502, THRISSUR, KERALA, 680020","May 31, 2016 - Perpetual",,
INBI00001230,Banker to an Issue,DBS BANK INDIA LTD.,complianceindia@dbs.com,910226629754,"DBS BANK INDIA LIMITED, Ground Floor Nos.11 & 12, Capitol Point, Baba Kharak Singh Marg, CONNAUGHT PLACE, DELHI, New Delhi, Delhi, India, 110001, NEW DELHI, NATIONAL CAPITAL TERRITORY OF DELHI, 110001","Feb 03, 2022 - Perpetual",,
INBI00000086,Banker to an Issue,DCB Bank Limited,barve@dcbbank.com,,"601&602, Peninsula Business Park, Tower A, 6th floor, Senapati Bapat Marg, Lower Parel, MUMBAI, MAHARASHTRA, 400013","Jul 16, 2016 - Perpetual",,
INBI00000003,Banker to an Issue,DEUTSCHE BANK,,022 71584040,"222, KODAK HOUSE, DR DN ROAD , FORT, MUMBAI, MAHARASHTRA, 400001","Nov 01, 2015 - Perpetual",,
INBI00001115,Banker to an Issue,DHANLAXMI BANK,,914876617000,"P>B. NO.9, DHANALAKSHMI BUILDING, NAICKANAL, THRISSUR, KERALA, 680001","Jul 04, 2014 - Perpetual",,
INBI00001221,Banker to an Issue,Equitas Small Finance Bank Limited,secretarial@equitas.in,9104442995000,"4th floor,Phase-2,Spencer Plaza,, No.769,Mount Road, Anna Salai, CHENNAI, TAMIL NADU, 600002","Mar 30, 2021 - Perpetual",,
INBI00000063,Banker to an Issue,HDFC BANK LTD,paresh.soni@hdfcbank.com,,"HDFC Bank House, Senapati Bapat Marg, Lower Parel, MUMBAI, MAHARASHTRA, 400013","Feb 01, 2016 - Perpetual",,
INBI00000004,Banker to an Issue,ICICI BANK LTD. (FORMERLY ICICI BANKING CORPORATION LTD),,2222859905,"LANDMARK, RACE COURSE CIRCLE, VADODARA, GUJARAT, 390007","Nov 01, 2015 - Perpetual",,
INBI00000076,Banker to an Issue,IDBI BANK LTD.,,02222162138,"IDBI TOWER, WTC COMPLEX,, CUFFEPARADE, MUMBAI, MUMBAI, MAHARASHTRA, 400005","Feb 07, 2014 - Perpetual",,
INBI00001149,Banker to an Issue,IDFC FIRST BANK LIMITED,,912242222016,"KRM TOWER, 8TH FLOOR, NO.1,, HARRINGTON ROAD, CHETPET, CHENNAI, TAMIL NADU, 600031","Mar 14, 2016 - Perpetual",,
INBI00000053,Banker to an Issue,INDIAN BANK,,04428134111,"INDIAN BANK,Corporate Office, , 254-260, Avvai Shanmugham Salai, Royapettah, CHENNAI, TAMIL NADU, 600014","Dec 01, 2015 - Perpetual",,
INBI00000044,Banker to an Issue,INDIAN OVERSEAS BANK,,+91+919444951093,"763, Anna Salai, CHENNAI, TAMIL NADU, 600002","Dec 02, 2015 - Perpetual",,
INBI00000002,Banker to an Issue,INDUSIND BANK LTD,,66803226,"2401, GEN THIMMAYYA ROAD, CANTONMENT, PUNE, MAHARASHTRA, 411001","Oct 16, 2015 - Perpetual",,
INBI00001285,Banker to an Issue,Jana Small Finance Bank Limited,sanath.rao@janabank.com,9108046020100,"The Fairway Business Park, First Floor, Survey No.10/1, 11/2 & 12/2B, Off Domlur,, Koramangala Inner Ring Road, Next to EGL Business Park Challaghatta, Bengaluru, BANGALORE, KARNATAKA, 560071","Sep 12, 2024 - Perpetual",,
INBI00001057,Banker to an Issue,"JANATA SAHAKARI BANK LIMITED, PUNE",,,,"Jan 13, 2016 - Perpetual",,
INBI00000984,Banker to an Issue,"JPMORGAN CHASE BANK,NATIONAL ASSOCIATION",,02261573226,"J P Morgan Tower, Off C.S.T,Road, Kalina,Santacruz, MUMBAI, MAHARASHTRA, 400098","Mar 12, 2015 - Perpetual",,
INBI00000927,Banker to an Issue,KOTAK MAHINDRA BANK LTD,,02266726419,"27BKC, C 27, G Block,, Bandra Kurla Complex, Bandra E, MUMBAI, MAHARASHTRA, 400051","May 22, 2015 - Perpetual",,
INBI00001008,Banker to an Issue,NUTAN NAGARIK SAHAKARI BANK LTD,,,"OPP. SAMARTHESHWAR MAHADEV, , NR. LAW GARDEN , ELLISBRIDGE, AHMEDABAD, GUJARAT, 380006","May 11, 2015 - Perpetual",,
INBI00001249,Banker to an Issue,Paytm Payments Bank Limited,rohan@paytmbank.com,9101204818901,"136, 1st floor, Devika Tower, Nehru, Place, New Delhi, DELHI, NATIONAL CAPITAL TERRITORY OF DELHI, 110019","Jun 15, 2022 - Perpetual",,
INBI00000014,Banker to an Issue,PUNJAB & SIND BANK,ho.ga@psb.co.in,0112586 2474,"MARKETING AND INSURANCE DIVISION. H.O.G.A. DEPARTMENT, 2ND FLOOR, 21 RAJINDRA PLACE, NEW DELHI, 110008","Nov 16, 2015 - Perpetual",,
INBI00000084,Banker to an Issue,PUNJAB NATIONAL BANK,,,"HEAD OFFICE, 7, BHIKAJI CAMA PLACE,, NEW DELHI, NATIONAL CAPITAL TERRITORY OF DELHI, 110607","Dec 01, 2015 - Perpetual",,
INBI00001131,Banker to an Issue,RAJKOT NAGARIK SAHAKARI BANK LTD.,,,"NAGARIK BHAVAN NO. 1, DHEBARBHAI ROAD,, NEAR JUBILEE GARDEN, RAJKOT, GUJARAT, 360001","Sep 21, 2015 - Perpetual",,
INBI00001123,Banker to an Issue,RBL BANK LIMITED (FORMERLY: THE RATNAKAR BANK LIMITED),,,,"Jun 18, 2015 - Perpetual",,
INBI00001294,Banker to an Issue,SBM Bank India Limited,mehul.somaiya@sbmbank.co.in,9102240071500,"101, Raheja Centre First Floor,, Free Press Journal Marg, Nariman Point, Mumbai, MUMBAI, MAHARASHTRA, 400021","Oct 07, 2024 - Perpetual",,
INBI00001337,Banker to an Issue,slice small finance bank limited,sebi.communications@slicebank.com,08048329999,"G.S. Point, G.S. Road, Vill-Sarumataria, Opposite Dispur Fire Station, Guwahati, Assam Sachivalaya, Kamrup, GMC, Assam, India, GUWAHATI, ASSAM, 781006","Apr 27, 2026 - Perpetual",,
INBI00000885,Banker to an Issue,STANDARD CHARTERED BANK,scb_sebicompliance@sc.com,912261158422,"1 Aldermanbyry Square., London, EC2V 7SB, EC2V7SB","Apr 01, 2015 - Perpetual",,
INBI00000038,Banker to an Issue,STATE BANK OF INDIA,gm.tbu@sbi.co.in,,"STATE BANK BHAVAN, MADAME CAMA ROAD, NARIMAN POINT, MUMBAI, MAHARASHTRA, 400021","Dec 01, 2015 - Perpetual",,
INBI00001328,Banker to an Issue,SURYODAY SMALL FINANCE BANK LIMITED,krishnakant.chaturvedi@suryodaybank.com,9102241856700,"Unit no 1101 sharda terraces, plot no 65 sector 11 CBD Belapur, NAVI MUMBAI, MAHARASHTRA, 400614","Aug 22, 2025 - Perpetual",,
INBI00001179,Banker to an Issue,SVC CO-OPERATIVE BANK LTD,sukhathankaroa@svcbank.com,9102271991000,"SVC CO OPERATIVE BANK LTD, SVC TOWER,, JAWHARLAL NEHRU RD, VAKOLA, SANTACRUZ EAST,, MUMBAI, MAHARASHTRA, 400055","Mar 06, 2017 - Perpetual",,
INBI00001276,Banker to an Issue,Tamilnad Mercantile Bank Limited,dps@tmbank.in,9104428130552,"57 V E Road, THOOTHUKUDI, TAMIL NADU, 628002","Jun 14, 2023 - Perpetual",,
INBI00001081,Banker to an Issue,THE AHMEDABAD MERCANTILE CO-OP BANK LTD,mgmt@amco-bank.com,917926426582,"H.O, , NR. STADIUM CIRCLE, NAVRANGPURA,, AHMEDABAD, GUJARAT, 380009","May 09, 2012 - Perpetual",,
INBI00001355,Banker to an Issue,THE COSMOS CO OP BANK LTD,dematcell@cosmosbank.in,9102067086112,"COSMOS TOWER, PLOT NO 6, ICS COLONY, UNIVERSITY ROAD, SHIVAJINAGAR, PUNE, MAHARASHTRA, 411007","Jun 03, 2026 - Perpetual",,
INBI00000083,Banker to an Issue,THE FEDERAL BANK LIMITED,,,,"May 01, 2016 - Perpetual",,
INBI00000027,Banker to an Issue,THE HONGKONG & SHANGHAI BKNG. CORPN. LTD,,22681044,"52/60, MAHATMA GANDHI ROAD, FORT, MUMBAI, MAHARASHTRA, 400001","Dec 01, 2015 - Perpetual",,
INBI00000069,Banker to an Issue,THE JAMMU AND KASHMIR BANK LIMITED,bhat.majid@jkbmail.com,01942481927,"M.A. ROAD, CORPORATE HEADQUARTERS, SRINAGAR, 190001","Jun 21, 2016 - Perpetual",,
INBI00001016,Banker to an Issue,THE KALUPUR COMMERCIAL CO-OPERATIVE BANK LIMITED,,07927544850,"KALUPUR BANK BHAVAN, NEAR INCOME TAX CIRCLE, ASHRAM ROAD, AHMEDABAD, GUJARAT, 380014","May 26, 2015 - Perpetual",,
INBI00000060,Banker to an Issue,THE KARNATAKA BANK LIMITED,,,,"Dec 01, 2015 - Perpetual",,
INBI00000007,Banker to an Issue,THE KARUR VYSYA BANK LIMITED,,,"CENTRAL OFFICE, POST BOX NO. 21, TAMIL NADU, 639002","Nov 01, 2012 - Perpetual",,
INBI00001156,Banker to an Issue,THE MEHSANA URBAN CO-OPERATIVE BANK LIMITED,vmpatel@mucbank.com,+91 2762 251908,,"May 03, 2016 - Perpetual",,
INBI00001040,Banker to an Issue,THE SARASWAT CO-OPERATIVE BANK LTD.,AB_SATAM@SARASWATBANK.COM,,"SARASWAT BANK BHAVAN, 953 APPASAHEB MARATHE MARG, PRABHADEVI, MUMBAI, MAHARASHTRA, 400025","Dec 31, 2015 - Perpetual",,
INBI00001024,Banker to an Issue,THE SOUTH INDIAN BANK LTD,"ho2006@sib.co.in, jimmymathew@sib.co.in",04872429333,"SIB House,, Mission Quarters, Thrissur, THRISSUR, KERALA, 680001","Aug 13, 2018 - Perpetual",,
INBI00001073,Banker to an Issue,THE SURAT PEOPLESS COOP. BANK LTD.,spcbldp@gmail.com,0261246462124,"CENTRAL OFFICE, , VASUDHARA BHAVAN, TIMALIYAWAD, SURAT, GUJARAT, 395001","Jul 13, 2011 - Perpetual",,
INBI00001099,Banker to an Issue,TJSB SAHAKARI BANK LTD,,25838526,"TJSB HOUSE, PLOT NO 5B, ROAD NO. 2 WAGLE ESTATE, THANE, MAHARASHTRA, 400604","Dec 04, 2012 - Perpetual",,
INBI00000055,Banker to an Issue,UCO BANK,,,,"Dec 01, 2015 - Perpetual",,
INBI00001300,Banker to an Issue,Ujjivan Small Finance Bank Limited,corporatesecretarial@ujjivan.com,918971968108,"No.27, Grape garden, 3rd A Cross,, 18th Main road, Koramangala 6th block,, BANGALORE, KARNATAKA, 560095","Feb 10, 2025 - Perpetual",,
INBI00000006,Banker to an Issue,UNION BANK OF INDIA,csprao@unionbankofindia.com,,"239, Union Bank Bhvan, Vidhan Bhavan Marg, Nariman Point, MUMBAI, MAHARASHTRA, 400021","Nov 01, 2015 - Perpetual",,
INBI00001346,Banker to an Issue,UNITY SMALL FINANCE BANK LIMITED,sebi.communication@unitybank.co.in,9102242159352,"Unit No.1201, 1202 & 1203, 12th floor,, Ansal Bhawan, 16, K.G.Marg, NEW DELHI, NATIONAL CAPITAL TERRITORY OF DELHI, 110001","May 25, 2026 - Perpetual",,
INBI00001258,Banker to an Issue,Utkarsh Small Finance Bank Limited,muthiah.ganapathy@utkarsh.bank,917992168444,"Utkarsh Tower, NH -31, Airport Road, Sehmalpur, Kazi Sarai, Harhua, VARANASI, UTTAR PRADESH, 221105","Jan 31, 2023 - Perpetual",,
INBI00000935,Banker to an Issue,YES BANK LIMITED,,0223347 8301,"9th Floor, Discovery of India, Nehru Centre, Dr. A.B. Road, Worli, MUMBAI, MAHARASHTRA, 400018","Jan 10, 2014 - Perpetual",,
:,Debentures Trustee,,,,,,,
IND000000009,Debentures Trustee,ANDHRA BANK,,04023252371/2388,"DR. PATTABHI BHAVAN,, 5-9-11, SECRETARIAT ROAD, SAIFABAD, ANDHRA PRADESH, 500004","Jun 01, 2015 - Perpetual",,
IND000000494,Debentures Trustee,AXIS TRUSTEE SERVICES LIMITED,dhruba.bora@axistrustee.in,0222455200606,"AXIS TRUSTEE SERVICES LTD., AXIS HOUSE, 2nd FLOOR, BOMBAY DYEING MILL, COMPOUND, PANDURANG BUDHKAR MARG, WORLI, MUMBAI, MAHARASHTRA, 400025","Jan 16, 2014 - Perpetual",,
IND000000011,Debentures Trustee,BANK OF INDIA,,22696062,"MUMBAI MAIN BRANCH,, EXECUTOR & TRUSTEE DEPT., 70/80 MG RD, FORT, MUMBAI, MAHARASHTRA, 400023","Jun 01, 2015 - Perpetual",,
IND000000010,Debentures Trustee,BANK OF MAHARASHTRA,,02025536256,"LOKMANGAL, 1501 SHIVAJINAGAR, PUNE, PUNE, MAHARASHTRA, 411005","Jun 01, 2015 - Perpetual",,
IND000000569,Debentures Trustee,BEACON TRUSTEESHIP LIMITED,contact@beacontrustee.co.in,919555449955,"5W, 5TH FLOOR, THE METROPOLITAN, BANDRA KURLA COMPLEX, BANDRA EAST, MUMBAI, MAHARASHTRA, 400051","Apr 11, 2016 - Perpetual",,
IND000000015,Debentures Trustee,CANARA BANK,,2223918,"HEAD OFFICE, 112 J.C. ROAD, BANGALORE, KARNATAKA, 56044090002","Sep 01, 2015 - Perpetual",,
IND000000034,Debentures Trustee,Catalyst Trusteeship Limited,dt@ctltrustee.com,9102066807200,"GDA House, First Floor, Plot No. 85,, S. No. 94 & 95, Bhusari Colony (Right), Kothrud,, PUNE, MAHARASHTRA, 411038","Apr 13, 2022 - Perpetual",,
IND000000502,Debentures Trustee,CENTBANK FINANCIAL SERVICES LTD,,02222616217,"CENTRAL BANK OF INDIA, MMO BLDG, 3RD FLOOR (EAST WING), 55 MG ROAD, FORT, MUMBAI, MAHARASHTRA, 400001","Dec 11, 2014 - Perpetual",,
IND000000012,Debentures Trustee,CENTRAL BANK OF INDIA,,66387818,"CENTRAL OFFICE, CHANDER MUKHI, NARIMAN POINT, MUMBAI, MAHARASHTRA, 400021","Jun 01, 2015 - Perpetual",,
IND00000039,Debentures Trustee,CORPORATION BANK,,2222020715,"P B  NO.88, MANGALADEVI TEMPLE ROAD, MANGALORE DASHINA KANNADA DISTT, MANGALORE, KARNATAKA, 575001","Jun 16, 2014 - Perpetual",,
IND000000004,Debentures Trustee,ICICI BANK LTD (ICICI LTD MERGED WITH ICICI BANK LTD),,02224906280,"LANDMARK, RACE COURSE CIRCLE, VADODARA, GUJARAT, 390007","May 01, 2015 - Perpetual",,
IND000000460,Debentures Trustee,IDBI TRUSTEESHIP SERVICES LTD.,,,"ASIAN BUILDING, GROUND FLOOR, 17 R KAMANI MARG, BALLARD ESTATE, , ASIAN BUILDING, GROUND FLOOR, 17 R KAMANI MARG, BALLARD ESTATE,, MUMBAI, MAHARASHTRA, 400001","Apr 27, 2012 - Perpetual",,
IND000000002,Debentures Trustee,IFCI LIMITED(FORMERLY INDUSTRIAL FINANCE CORPN. OF INDIA),,01141732000,"IFCI TOWER, , 61 NEHRU PLACE, NEW DELHI, NATIONAL CAPITAL TERRITORY OF DELHI, 110019","Apr 01, 2012 - Perpetual",,
IND000000017,Debentures Trustee,INDIAN BANK,debenturetrustee@indianbank.co.in,9104425279960,"INDIAN BANK, 5th Floor, No.66,, CHENNAI, TAMIL NADU, 600001","Oct 01, 2012 - Perpetual",,
IND000000596,Debentures Trustee,MITCON CREDENTIA TRUSTEESHIP SERVICES LIMITED,compliance@mitconindia.com,9102222828200,"Kubera Chambers, 1st Floor, Shivajinagar,, PUNE, MAHARASHTRA, 411005","Jul 25, 2019 - Perpetual",,
IND000000602,Debentures Trustee,Orbis Trusteeship Services Private Limited,trusteeship@orbisfinancial.in,911244546609,"4A, Ocus Technopolis, Golf Club Road, Sector 54, GURUGRAM, HARYANA, 122002","Jul 15, 2020 - Perpetual",,
IND000000510,Debentures Trustee,PNB INVESTMENT SERVICES LTD.,,41035054,"10 RAKESH DEEP BUILDING, YUSUF SARAI COMMERCIAL COMPLEX,, GULMOHAR ENCLAVE, NEW DELHI, NEW DELHI, NATIONAL CAPITAL TERRITORY OF DELHI, 110049","Feb 22, 2010 - Perpetual",,
IND000000023,Debentures Trustee,PUNJAB NATIONAL BANK,,,"HEAD OFFICE, 7, BHIKHAJI CAMA PLACE, NEW DELHI, NATIONAL CAPITAL TERRITORY OF DELHI, 110607","Aug 01, 2013 - Perpetual",,
IND000000536,Debentures Trustee,SBICAP TRUSTEE COMPANY LIMITED,sandeep.poddar@sbicaptrustee.com,9102243025517,"202, MAKER TOWER, ""E"" WING, 20TH FLOOR, CUFFE PARADE, MUMBAI, MAHARASHTRA, 400005","Oct 07, 2015 - Perpetual",,
IND000000016,Debentures Trustee,STATE BANK OF INDIA,gm.sme@sbi.co.in,912222740510,"STATE BANK BHAVAN, MADAM CAMA ROAD,NARIMAN POINT, MUMBAI, MAHARASHTRA, 400021","Oct 01, 2015 - Perpetual",,
IND000000437,Debentures Trustee,THE JAMMU & KASHMIR BANK LTD,,1942481928,"CORPORATE HEADQUARTERS, M.A. ROAD, SRINAGAR, 190001","Nov 16, 2014 - Perpetual",,
IND000000021,Debentures Trustee,UCO BANK,hombd.calcutta@ucobank.co.in,03344558042,"10, BTM SARANI, KOLKATA, WEST BENGAL, KOLKATA, WEST BENGAL, 700001","Jun 16, 2016 - Perpetual",,
IND000000486,Debentures Trustee,UNIT TRUST OF INDIA INVESTMENT ADVISORY SERVICES LIMITED,dominic.koyikara@utiias.co.in,26282234,"UTI TOWER, GN BLOCK,, BANDRA KURLA COMPLEX, BANDRA (E), MUMBAI, MAHARASHTRA, 400051","Mar 02, 2016 - Perpetual",,
IND000000611,Debentures Trustee,VARDHMAN TRUSTEESHIP PRIVATE LIMITED,neha.jain@ativiradvisory.com,913340016345,"Unit No. 412, The Capital, C-70 G Block, Bandra Kurla Complex, Bandra East, Audit Bhavan, Mumbai, Bandra, MUMBAI, MAHARASHTRA, 400051","Dec 15, 2020 - Perpetual",,
IND000000578,Debentures Trustee,Vistra ITCL India Limited,,,,"Apr 03, 2024 - Perpetual",,
:,Credit Rating Agency (CRA),,,,,,,
IN/CRA/009/2025,Credit Rating Agency (CRA),ACER CREDIT RATING PRIVATE LIMITED,KAMALTANEJA@ACERRATINGS.COM,911244607887,"Unit 808, 8th FLR, Sec-30, Signature Tower-B, Basai Road, GURUGRAM, HARYANA, 122001","Aug 21, 2025 - Perpetual",,
IN/CRA/006/2011,Credit Rating Agency (CRA),Acuite Ratings & Research Limited,info@acuite.in,9102249294000,"708, Lodha Supremus, Lodha iThink Techno Campus, Kanjurmarg (East), MUMBAI, MAHARASHTRA, 400042","Feb 22, 2011 - Perpetual",,
IN/CRA/005/2008,Credit Rating Agency (CRA),BRICKWORK RATINGS INDIA PRIVATE LIMITED,ajanth.k@brickworkratings.com,9108040409940,"Sy No 29/3 & 32/2 , III Floor Raj Alkaa Park, Kalena Agrahara , Bannerghatta Road, BANGALORE, KARNATAKA, 560076","Feb 07, 2008 - Perpetual",,
IN/CRA/004/1999,Credit Rating Agency (CRA),CARE Ratings Limited,care@careratings.com,02202267543456,"Godrej Coliseum 4th Floor Somaiya Hospital Road, OFF Eastern Express Highway Sion E, MUMBAI, MAHARASHTRA, 400022","Nov 05, 1999 - Perpetual",,
IN/CRA/010/2026,Credit Rating Agency (CRA),CredStone Ratings Private Limited,,,"822, 8th Floor, The Summit Business Bay, , NR Western Express Highway, Andheri E, 400093., MUMBAI, MAHARASHTRA, 400093","May 26, 2026 - Perpetual",,
IN/CRA/001/1999,Credit Rating Agency (CRA),CRISIL Ratings Limited,SRILAXMI.PAI@crisil.com,912261373000,"Lightbrigde IT Park, Saki Vihar Road, Andheri East, MUMBAI, MAHARASHTRA, 400072","Dec 04, 2020 - Perpetual",,
IN/CRA/008/15,Credit Rating Agency (CRA),ICRA LIMITED,icra.compliance@icraindia.com,01245445300,"B-710, Statesman House, 148, Barakhamba Road, NEW DELHI, NATIONAL CAPITAL TERRITORY OF DELHI, 110001","Apr 20, 2015 - Perpetual",,
IN/CRA/002/1999,Credit Rating Agency (CRA),India Ratings and Research Pvt. Ltd. (formerly Fitch Ratings India Pvt. Ltd.),info@indiaratings.co.in,912240001700,"Wockhardt Towers, 4th Floor, , West Wing, Bandra Kurla Complex,, MUMBAI, MAHARASHTRA, 400051","Nov 05, 1999 - Perpetual",,
IN/CRA/007/2015,Credit Rating Agency (CRA),Infomerics Valuation and Rating Pvt. Ltd.,sbhandari@infomerics.com,9102240036966,"104 & 108 (1st Floor), Golf Apt., Sujan Singh Park, Maharishi Ramanna Marg, NEW DELHI, NATIONAL CAPITAL TERRITORY OF DELHI, 110003","Apr 07, 2015 - Perpetual",,
:,KYC Registration Agency,,,,,,,
IN/KRA/004/2012,KYC Registration Agency,CAMS Investor Services Private Limited.,sv_karthick@camsonline.com,044-30212924,"New No. 10 Old No. 178 M G R Salai, Nungambakkam, Chennai, Tamilnadu, 600006","Jun 29, 2012 - Jun 28, 2017",,
IN/KRA/001/2011,KYC Registration Agency,CDSL Ventures Limited (CVL),rakeshb@cdslindia.com,022-61216913,"A-Wing, Marathon Futurex, 25th Floor, Mafatlal Mills Compounds, N M Joshi Marg, Lower Parel (E), Mumbai, Maharashtra, 400013","Dec 28, 2011 - Dec 27, 2016",,
IN/KRA/005/2012,KYC Registration Agency,Karvy Data Management Services Limited,muralikrishnach@karvy.com,040 – 44707666,"KARVY House, No. 46, Avenue 4, Street No. 1 Road No. 10, Banjara Hills, Hyderabad, Andhra Pradesh, 500034","Nov 22, 2012 - Nov 21, 2017",,
IN/KRA/007/2025,KYC Registration Agency,KFIN SERVICES PRIVATE LIMITED,,,,,,
IN/KRA/002/2012,KYC Registration Agency,NSDL Database Management Limited (NDML),"sameerg@nsdl.co.in, vijayg@nsdl.co.in",022 4914 2505/ 022 4914 2504,"Trade World, A-wing, 4th Floor, Kamala Mills Compound, Senapati Bapat Marg, Lower Parel, Mumbai, Maharashtra, 400013","Jan 13, 2012 - Jan 12, 2017",,
:,Merchant Bankers,,,,,,,
INM000012801,Merchant Bankers,360 ONE WAM LIMITED,,,,"Jan 28, 2021 - Perpetual",,
INM000012528,Merchant Bankers,3DIMENSION CAPITAL SERVICES LTD.,rhydham@3dcsl.com,9101140196737,"H-38, LOWER GROUND FLOOR, JANGPURA EXTENSION, NEW DELHI, NATIONAL CAPITAL TERRITORY OF DELHI, 110014","May 21, 2018 - Perpetual",,
INM000010411,Merchant Bankers,A.K. CAPITAL SERVICES LTD,chaitali.desai@akgroup.co.in,912267544776,"603, 6TH FLOOR, WINDSOR, OFF CST ROAD,, KALINA, SANTACRUZ (EAST), MUMBAI, MAHARASHTRA, 400098","Apr 01, 2016 - Perpetual",,
INM000012555,Merchant Bankers,AFCO CAPITAL INDIA PVT LTD,capital@afcogroup.in,912226378100,"New Putlibai Kapol Niwas CHS lTD, B /06-05, 167-C,S.V.Road, Vile Parle West, MUMBAI, MAHARASHTRA, 400056","Aug 09, 2018 - Perpetual",,
INM000012838,Merchant Bankers,AFFINITY GLOBAL CAPITAL MARKET PRIVATE LIMITED,COMPLIANCE@AFFINITYGLOBALCAP.IN,09103340047183,"20B, ABDUL HAMID STREET(BRITISH INDIA STREET),, EAST INDIA HOUSE, 1ST FLOOR, ROOM NO. 1F,, KOLKATA, WEST BENGAL, 700069","Jun 15, 2021 - Perpetual",,
INM000013110,Merchant Bankers,Aftertrade Broking Private Limited,compliance@aftertrade.in,918469237252,"206, 2nd Floor, Time Square,, Beside Pariseema Complex, CG Road, Navrangpura, AHMEDABAD, GUJARAT, 380009","Apr 04, 2024 - Perpetual",,
INM000011864,Merchant Bankers,AJCON GLOBAL SERVICES LTD.,mbd@ajcon.net,02267160400,"101, Samarth, Lt. P.N. Kotnis Road , Off. Hinduja Hsopital, Mahim (W), MUMBAI, MAHARASHTRA, 400063","Sep 30, 2011 - Perpetual",,
INM000011658,Merchant Bankers,AKASAM  CONSULTING PVT. LTD.,,04066444955/69,"LEVEL-3 & 4 'AKASAM', 10-1-17/1/1,MASAB TANK, HYDERABAD, TELANGANA, 500004","Feb 22, 2015 - Perpetual",,
INM000012971,Merchant Bankers,Almondz Financial Services Limited,complianceofficer.mb@almondz.com,9101143500700,"F 33/3 Okhla Industrial Area, Phase-II, DELHI, NATIONAL CAPITAL TERRITORY OF DELHI, 110020","Mar 24, 2023 - Perpetual",,
INM000010585,Merchant Bankers,Ambit Private Limited,nehal.shah@ambit.co,912268601842,"AMBIT HOUSE, 449, SENAPATI BAPAT MARG, LOWER PAREL, MUMBAI, MAHARASHTRA, 400013","Apr 16, 2015 - Perpetual",,
INM000010478,Merchant Bankers,ANAND RATHI ADVISORS LIMITED,avnigaglani@rathi.com,02240477000,"Express Zone A Wing, 10th Floor, Western Express Highway, Goregaon East, MUMBAI, MAHARASHTRA, 400063","Aug 16, 2016 - Perpetual",,
INM000012740,Merchant Bankers,ARETE SECURITIES LIMITED,complianceofficer@spasec.in,9102240439000,"101 A, 10TH FLOOR, MITTAL COURT, NARIMAN POINT, MUMBAI, MAHARASHTRA, 400021","Nov 28, 2019 - Perpetual",,
INM000011070,Merchant Bankers,ARIHANT  CAPITAL MARKETS LTD,,02242254800,"E/5, Ratlam Kothi Area, INDORE, MADHYA PRADESH, 452001","Dec 12, 2015 - Perpetual",,
INM000013013,Merchant Bankers,Arpwood Capital Pvt Ltd.,raj.kataria@arpwood.com,912266217000,"51B, MAKER CHAMBER IV, JAMNALAL BAJAJ MARG, NARIMAN POINT, MUMBAI, MAHARASHTRA, 400021","Jun 16, 2023 - Perpetual",,
INM000011344,Merchant Bankers,ARYAMAN FINANCIAL SERVICES LIMITED,info@afsl.co.in,,"C/O THAKUR RESEARCH FOUNDATION,221-223,, DEEN DAYAL MARG, NEW DELHI, NEW DELHI, 110002","Sep 15, 2016 - Perpetual",,
INM000010536,Merchant Bankers,ASHIKA CAPITAL LTD,,02266111700,"TRINITY,, 226/1, A.J.C. BOSE ROAD, 7TH Floor,, KOLKATA, WEST BENGAL, 700020","Aug 16, 2014 - Perpetual",,
INM000012883,Merchant Bankers,ASPERO MARKETS PRIVATE LIMITED,compliance@aspero.in,9104440912302,"12TH FLOOR, PRESTIGE POLYGON, ANNA SALAI, NANDANAM, CHENNAI, TAMIL NADU, 600035","Dec 27, 2021 - Perpetual",,
INM000012268,Merchant Bankers,ATIVIR FINANCIAL CONSULTANTS PRIVATE LIMITED,,,,"Oct 30, 2015 - Perpetual",,
INM000011021,Merchant Bankers,Avendus Capital Private Limited,,,,"Oct 21, 2016 - Perpetual",,
INM000013226,Merchant Bankers,Axial Capital Private Limited,compliance@axialcapital.in,919773398470,"201, The Business Hub, Sir Mathuradas Road, Andheri East, MUMBAI, MAHARASHTRA, 400069","Oct 31, 2024 - Perpetual",,
INM000006104,Merchant Bankers,AXIS BANK LTD.(FORMERLY UTI BANK LTD.),,02267074407,"Trishul,3rd floor,opp.Samartheshwar Temple, Law Garden,Ellis Bridge, AHMEDABAD, GUJARAT, 380006","Jan 01, 2016 - Perpetual",,
INM000012029,Merchant Bankers,AXIS CAPITAL LIMITED(FORMALY ENAM SECURITIES PRIVATE LIMITED),complianceibd@axiscap.in,9102243251199,"AXIS HOUSE, 1st  FLOOR, , P B MARG, WORLI, MUMBAI, MAHARASHTRA, 400025","Jan 02, 2013 - Perpetual",,
INM000013208,Merchant Bankers,Bajaj Capital Securities Limited,sukhbeer@bajajcapitalsec.com,911167000000,"Mezzanine Floor 97 Bajaj House Nehru Place New Delhi, NEW DELHI, NATIONAL CAPITAL TERRITORY OF DELHI, 110019","Oct 01, 2024 - Perpetual",,
INM000002699,Merchant Bankers,BANK OF MAHARASHTRA,,,"LOKMANGAL, 1501, SHIVAJINAGAR, PUNE, PUNE, MAHARASHTRA, 411005","Oct 16, 2014 - Perpetual",,
INM000002129,Merchant Bankers,BARCLAYS BANK  PLC,,,,"Aug 16, 2014 - Perpetual",,
INM000011989,Merchant Bankers,BASAN FINANCIAL SERVICES LTD.,,040 64645000,"# 3-6-65, 2ND FLOOR, , BESIDE SKYLINE THEATRE, BASHEERBAGH,, ANDHRA PRADESH, 500012","Jul 13, 2012 - Perpetual",,
INM000012078,Merchant Bankers,BCB BROKERAGE PVT. LTD,bbplmumbai@bcbbrokerage.com,9102222720000,"1207/A P J TOWER,, DALAL STREET FORT, MUMBAI, MAHARASHTRA, 400001","Aug 28, 2013 - Perpetual",,
INM000012546,Merchant Bankers,BEELINE BROKING LIMITED,compliance@beelinebroking.com,9107966664000,"A 701-702, Samudra Complex, Near Girish Cold Drink, Off. C. G. Road, Navrangpura,, AHMEDABAD, GUJARAT, 380009","Jun 04, 2018 - Perpetual",,
INM000012917,Merchant Bankers,BEELINE CAPITAL ADVISORS PRIVATE LIMITED,compliance@beelinemb.com,910520449185784,"B-1311-1314, Thirteenth Floor, Shilp Corporate Park, Rajpath-Rangoli Road, Thaltej, AHMEDABAD, GUJARAT, 380054","Apr 11, 2022 - Perpetual",,
INM000011641,Merchant Bankers,BNK SECURITIES PVT. LTD.,sanat.mondal@bnkcapital.com,913322810561,"2, PALM AVENUE, MAYFAIR TOWERS, KOLKATA, WEST BENGAL, 700019","Feb 22, 2015 - Perpetual",,
INM000011534,Merchant Bankers,BNP PARIBAS,,2233705009,"62, HOMJI STREET, FRENCH BANK BUILDING, FORT,, MUMBAI, MAHARASHTRA, 400001","Jul 24, 2014 - Perpetual",,
INM000009926,Merchant Bankers,BOB CAPITAL MARKETS LTD,,02261389300,"SOUTH WING, 3RD FLOOR, UTI TOWER, BANDRA KURLA COMPLEX, , BANDRA (EAST), MUMBAI, MUMBAI, MAHARASHTRA, 400051","Sep 25, 2014 - Perpetual",,
INM000011625,Merchant Bankers,BofA Securities India Limited,dg.india_ibk_compliance@bofa.com,9102266328000,"Ground Floor, A Wing, One BKC, , G Block, Bandra Kurla Complex, Bandra (East), MUMBAI, MAHARASHTRA, 400051","Feb 15, 2015 - Perpetual",,
INM000012201,Merchant Bankers,BOI MERCHANT BANKERS LTD.,,91 22 2654 2289,"G BLOCK, 7th FLOOR, STAR HOUSE, BANDRA-KURLA COMPLEX, BANDRA EAST, MUMBAI, MAHARASHTRA, 400051","Jan 21, 2015 - Perpetual",,
INM000012306,Merchant Bankers,Bonanza Portfolio Limited,mbregulatory@bonanzaonline.com,9102268363700,"4353/4C, Madan Mohan Street, Ansari Road,Daryaganj, DELHI, NATIONAL CAPITAL TERRITORY OF DELHI, 110002","Sep 30, 2016 - Perpetual",,
INM000002558,Merchant Bankers,CANARA BANK,,08022233771,"HEAD OFFICE, 112 JC ROAD, BANGALORE, KARNATAKA, 560002","Jul 16, 2014 - Perpetual",,
INM000012795,Merchant Bankers,CAPITAL FORTUNES VENTURES PRIVATE LIMITED,compliance@capitalfortunesventures.com,914066038300,"8-2-698, 403, 5TH FLOOR, M J TOWERS, BANJARAHILLS, ROAD NO 12, HYDERABAD, TELANGANA, 500034","Dec 14, 2020 - Perpetual",,
INM000012219,Merchant Bankers,CAPITAL SQUARE ADVISORS PVT. LTD.,,022 66849999,"208, AARPEE CENTRE, MIDC ROAD NO. 11, CTS - 70, ANDHERI (E), MUMBAI, MAHARASHTRA, 400093","Jun 02, 2015 - Perpetual",,
INM000013493,Merchant Bankers,CAPRI GLOBAL CAPITAL MARKETS PRIVATE LIMITED,ajay.manglunia@capriglobal.in,02240888103,"A 702 PENINSULA BUSINESS PARK, SENAPATI BAPAT MARG LOWER PAREL, MUMBAI, MAHARASHTRA, 400013","Jun 05, 2026 - Perpetual",,
INM000013068,Merchant Bankers,CATALYST CAPITAL PARTNERS PRIVATE LIMITED,poonamchand@catalystcapital.in,002220891701,"103A Shantinath Apts, S V Road Near State Bank of India Borivali West, MUMBAI, MAHARASHTRA, 400092","Oct 28, 2023 - Perpetual",,
INM000013420,Merchant Bankers,Centrum Broking Limited,compliance@centrum.co.in,9102242159023,"Level 9, Centrum House, C.S.T. Road, Vidyanagari Marg, Kalina, Santacruz (E),, MUMBAI, MAHARASHTRA, 400098","Mar 11, 2026 - Perpetual",,
INM000010445,Merchant Bankers,CENTRUM CAPITAL LIMITED (FORMERLY CENTRUM FINANCE LTD),balakrishna.kumar@centrum.co.in,0222242159000,"Level 9, Centrum House, CST Road, Vidhyanagri Marg, Kalina Satacruz East, MUMBAI, MAHARASHTRA, 400098","Jul 16, 2016 - Perpetual",,
INM000012052,Merchant Bankers,CHARTERED FINANCE MANAGEMENT PRIVATE LIMITED,,912222696944,"2ND FLOOR, WAKEFIELD HOUSE, SPROFT ROAD, BALLARD ESTATE, MUMBAI, MAHARASHTRA, 400038","May 17, 2013 - Perpetual",,
INM000011872,Merchant Bankers,CHOICE CAPITAL ADVISORS PVT. LTD.,regulator_advisors@choiceindia.com,912267079999,"SHREE SHAKAMBHARI CORPORATE PARK, Plot No. 156-158, CHAKRAVATI ASHOK SOCIETY,, J. B. NAGAR, ANDHERI (EAST), MUMBAI, MUMBAI, MAHARASHTRA, 400099","Sep 30, 2011 - Perpetual",,
INM000009694,Merchant Bankers,CIL SECURITIES LTD,advisors@cilsecurities.com,04069011111,"214, Raghva Ratna Towers, CHIRAG ALI LANE, ABIDS, HYDERABAD, TELANGANA, 500001","Jul 01, 2014 - Perpetual",,
INM000010718,Merchant Bankers,CITIGROUP GLOBAL MARKETS INDIA PVT. LTD.,cgmcompliance@citi.com,912261759999,"1202, 12TH FLOOR, FIRST INERNATIONAL FINANCIAL CENTRE, G BLOCK, BKC, BANDRA (EAST), MUMBAI, MAHARASHTRA, 400098","Mar 01, 2016 - Perpetual",,
INM000010619,Merchant Bankers,CLSA INDIA PRIVATE LIMITED,Compliance-India@clsa.com,912266505050,"8/F DALAMAL HOUSE,, NARIMAN POINT,, MUMBAI, MAHARASHTRA, 400021","Dec 18, 2013 - Perpetual",,
INM000011328,Merchant Bankers,COMFORT SECURITIES LTD,alok@comfortsecurities.co.in,02202268948500,"A-301, HETAL ARCH,, S. V. ROAD, MALAD (W), MUMBAI, MAHARASHTRA, 400064","May 12, 2014 - Perpetual",,
INM000012276,Merchant Bankers,CORPORATE CAPITAL VENTURES PRIVATE LIMITED,info@ccvindia.com,01141824066,"223, 2nd Floor, US COMPLEX, OPP APOLLO HOSPITAL, MATHURA ROAD, NEW DELHI, NATIONAL CAPITAL TERRITORY OF DELHI, 110076","Jul 14, 2016 - Perpetual",,
INM000013095,Merchant Bankers,CORPORATE MAKERS CAPITAL LIMITED,compliance@corporatemakers.in,01145789800,"611 6TH FLOOR  PRAGATI TOWER, RAJENDRA PLACE, DELHI, NATIONAL CAPITAL TERRITORY OF DELHI, 110008","Feb 20, 2024 - Perpetual",,
INM000011435,Merchant Bankers,CORPORATE PROFESSIONALS CAPITAL PVT. LTD.,,NA,"D 28, South Extension, Part 1, NEW DELHI, NATIONAL CAPITAL TERRITORY OF DELHI, 110049","Jan 05, 2014 - Perpetual",,
INM000012962,Merchant Bankers,Corpwis Advisors Private Limited,compliance@corpwis.com,912249729990,"G-07, Ground Floor, The Summit Business Park, , Andheri Kurla Road, Behind Guru Nanak Petrol Pump, Andheri East, MUMBAI, MAHARASHTRA, 400093","Jan 31, 2023 - Perpetual",,
INM000013411,Merchant Bankers,CREDORA PARTNERS PRIVATE LIMITED,Pankaj.passi@credorapartners.com,918130678743,"6th Floor, B Wing, GSC Tower, , Sector 30, GURUGRAM, HARYANA, 122001","Feb 26, 2026 - Perpetual",,
INM000013129,Merchant Bankers,Cumulative Capital Private Limited,bhavna@cumulativecapital.group,917490006833,"B 309-311 215 Atrium, Co Op Premises, , Andheri Kurla Road, Near Courtyard Marriot Hotel, MUMBAI, MAHARASHTRA, 400093","May 16, 2024 - Perpetual",,
INM000011484,Merchant Bankers,D & A FINANCIAL SERVICES PVT. LTD.,investors@dnafinserv.com,911141326121,"13, COMMUNITY CENTRE, EAST OF KAILASH, DELHI, NATIONAL CAPITAL TERRITORY OF DELHI, 110065","May 06, 2014 - Perpetual",,
INM000011336,Merchant Bankers,DAM CAPITAL ADVISORS LIMITED,compliance@damcapital.in,912242022500,"PG 1, Rotunda Building, Ground Floor, Dalal Street, Fort, MUMBAI, MAHARASHTRA, 400001","Sep 15, 2020 - Perpetual",,
INM000010676,Merchant Bankers,DARASHAW & COMPANY PRIVATE LTD (FORMERLY BADAR FINANC,,02266306612,"1205-06, REGENT CHAMBERS,, 208, NARIMAN POINT,, MUMBAI, MAHARASHTRA, 400021","Nov 16, 2015 - Perpetual",,
INM000012892,Merchant Bankers,DBS Bank India Ltd,complianceindia@dbs.com,09102266388887,"GF Nos 11 & 12.  FF Nos. 110 to 115, Capital Point Bks Marg, Connaught Place, NEW DELHI, NATIONAL CAPITAL TERRITORY OF DELHI, 110001","Dec 30, 2021 - Perpetual",,
INM000010395,Merchant Bankers,DEUTSCHE BANK,,71584600,"HAZARIMAL SOMANI MARG, FORT, MUMBAI, MAHARASHTRA, 400001","Dec 01, 2015 - Perpetual",,
INM000010833,Merchant Bankers,DEUTSCHE EQUITIES INDIA PRIVATE LIMITED,sanjiv.nagar@db.com,0227184600,,"Feb 24, 2016 - Perpetual",,
INM000013299,Merchant Bankers,DHANAM CAPITAL ADVISORS PRIVATE LIMITED,info@dhanamcapital.in,911414114945,"2nd Floor-578, BL HOUSE, Mahaveer Nagar, Tonk Road, Durgapura, Jaipur, JAIPUR, RAJASTHAN, 302018","Jul 15, 2025 - Perpetual",,
INM000013332,Merchant Bankers,DIGGI CORPORATE ADVISORS PRIVATE LIMITED,foram@diggicorporate.com,0220228424056733,"912, CORPORATE ANNEXE, SONAWALA ROAD NR.UDYOG BHAWAN, GOREGAON EAST, MUMBAI, MAHARASHTRA, 400063","Sep 29, 2025 - Perpetual",,
INM000013314,Merchant Bankers,DIMENSION FINANCIAL SOLUTIONS PRIVATE LIMITED,compliance@dimensionfinancial.co.in,01204151349,"302, Dakha Chamber, 38/2068, Naiwala Karol Bagh, New Delhi, DELHI, NATIONAL CAPITAL TERRITORY OF DELHI, 110005","Sep 22, 2025 - Perpetual",,
INM000012643,Merchant Bankers,DOLAT FINSERV PRIVATE LIMITED,ashish@dolatcapital.com,912265704167,"OFFICE NO. 141 , CENTER POINT, SOMNATH, DAMAN, DAMAN AND DIU, 396210","Jan 30, 2019 - Perpetual",,
INM000010650,Merchant Bankers,EDELWEISS FINANCIAL SERVICES LTD,ib.compliance@edelweissfin.com,912240863535,"EDELWEISS HOUSE, OFF. C.S.T. ROAD, KALINA, MUMBAI, MUMBAI, MAHARASHTRA, 400098","Oct 16, 2015 - Perpetual",,
INM000013040,Merchant Bankers,EKADRISHT CAPITAL PRIVATE LIMITED,info@ekadrisht.com,00002226830300,"1102, Summitt Business Bay, Chakala,, Andheri Kurla Road, Andheri East, MUMBAI, MAHARASHTRA, 400093","Sep 05, 2023 - Perpetual",,
INM000011104,Merchant Bankers,ELARA CAPITAL (INDIA) PRIVATE LIMITED,amit.bondre@elaracapital.com,912261648599,"ONE INTERNATIONAL CENTER (FORMERLY INDIABULLS FINANCE CENTRE), TOWER 3, 21ST FLOOR, SENAPATI BAPAT MARG, ELPHINSTONE ROAD WEST,, MUMBAI, MAHARASHTRA, 400013","Mar 07, 2016 - Perpetual",,
INM000013387,Merchant Bankers,EMIRATES NBD CAPITAL INDIA PRIVATE LIMITED,emcapindia@emiratesnbd.com,912262785535,"A/1204, G Block, C 70, The Capital,, Bandra Kurla Complex, Bandra (East),, MUMBAI, MAHARASHTRA, 400051","Jan 28, 2026 - Perpetual",,
INM000011229,Merchant Bankers,EMKAY GLOBAL FINANCIAL SERVICES LIMITED (FORMERLY EMKAY SHARE AND STOCK BROKERS LIMITED),anil.jagtap@emkayglobal.com,9102266299299,"THE RUBY, 7TH FLOOR, SENAPATI BAPAT MARG,, DADAR-WEST, MUMBAI, MUMBAI, MAHARASHTRA, 400028","Sep 07, 2013 - Perpetual",,
INM000011286,Merchant Bankers,EQUIRUS CAPITAL (P) LTD,coecpl@equirus.com,9102243320700,"Unit No 2601B 26th Floor A Wing Marathon Futurex, Mafatlal Mills Compound N M Joshi Marg Lower Parel, MUMBAI, MAHARASHTRA, 400013","Feb 13, 2014 - Perpetual",,
INM000010700,Merchant Bankers,Ernst & Young Merchant Banking Services LLP,eymbs@in.ey.com,912261920000,"The Ruby 14th Floor, 29 Senapati Bapat Marg Dadar West, MUMBAI, MAHARASHTRA, 400028","Jan 28, 2022 - Perpetual",,
INM000013280,Merchant Bankers,ERUDORE CAPITAL PRIVATE LIMITED,info@erudorecapital.com,9102246604034,"Office No. 304, Third Floor, Morya Grand, , Veera Desai Industrial Estate Road, Andheri West,, MUMBAI, MAHARASHTRA, 400053","Jun 17, 2025 - Perpetual",,
INM000012874,Merchant Bankers,Expert Global Consultants Private limited,shobhit.agrawal@expertglobal.in,9102235210873,"503-504, 5th Floor, RG Trade Tower, Netaji Subhash Place, Pitampura, DELHI, NATIONAL CAPITAL TERRITORY OF DELHI, 110034","Nov 15, 2021 - Perpetual",,
INM000010163,Merchant Bankers,Fedex Securities Private Limited,,,"B, 3rd Floor, Jay Chambers, Dayaldas Road, Vile Parle (E), MUMBAI, MAHARASHTRA, 400057","Feb 01, 2015 - Perpetual",,
INM000013244,Merchant Bankers,Finaax Capital Advisors Private Limited,compliance@finaaxcapital.com,919537594321,"B-401, The First, Beside Keshav Baug Party Plot, IIM, AHMEDABAD, GUJARAT, 380015","Dec 05, 2024 - Perpetual",,
:,Registrars to an Issue and Share Transfer Agents,,,,,,,
INR000001773,Registrars to an Issue and Share Transfer Agents,3I INFOTECH LIMITED (FORMERLY ICICI INFOTECH LTD),,02267928000,"TOWER # 5, 3RD TO 6TH FLOOR, INTERNATIONAL INFOTECH PARK, VASHI STATION COMPLEX, MAHARASHTRA, 400703","Nov 01, 2015 - Perpetual",,
INR000000379,Registrars to an Issue and Share Transfer Agents,AARTHI CONSULTANTS PRIVATE LIMITED.,gjmohan@aarthiconsultants.com,914027638111,"8-3-1084, Plot No.50, SRINAGAR COLONY, BANJARA HILLS, HYDERABAD, TELANGANA, 500034","Sep 01, 2015 - Perpetual",,
INR000003829,Registrars to an Issue and Share Transfer Agents,ABHIPRA CAPITAL LTD.,,01142390725,"GF 58-59, WORLD TRADE CENTRE, BARAKHAMBA LANE, NEW DELHI, NATIONAL CAPITAL TERRITORY OF DELHI, 110001","Dec 01, 2015 - Perpetual",,
INR000001286,Registrars to an Issue and Share Transfer Agents,ABS CONSULTANT PRIVATE LIMITED,absconsultant@vsnl.net,03322301043,,"Jul 01, 2016 - Perpetual",,
INR000004173,Registrars to an Issue and Share Transfer Agents,ACCURATE SECURITIES AND REGISTRY PRIVATE LIMITED,INFO@ACCURATESECURITIES.COM,07900048000319,"203, SHANGRILA ARCADE, ABOVE SAMSUNG SHOWROOM,, SHYAMAL CROSS ROADS, SATELLITE,, AHMEDABAD, GUJARAT, 380015","Sep 03, 2015 - Perpetual",,
INR000002227,Registrars to an Issue and Share Transfer Agents,ADROIT CORPORATE SERVICES PVT. LTD.,adroits@vsnl.net,,,"Feb 01, 2016 - Perpetual",,
INR000002532,Registrars to an Issue and Share Transfer Agents,Alankit Assignments Limited,,,,"May 16, 2016 - Perpetual",,
INR000000767,Registrars to an Issue and Share Transfer Agents,ANKIT CONSULTANCY PVT. LTD.,,NA,"PLOT 60, PARDESHIPURA,, ELECTRONIC COMPLEX, INDORE, (M.P), INDORE, MADHYA PRADESH, 452010","Jan 01, 2016 - Perpetual",,
INR000004255,Registrars to an Issue and Share Transfer Agents,B.C.DEBATA & ASSOCIATES,bcdebata@gmail.com,916742302360,"PLOT NO 183/523, GAJAPATI NAGAR,NEAR PRESS CHAKA, BHUBANESWAR, ODISHA, 751005","Mar 13, 2019 - Perpetual",,
INR000004468,Registrars to an Issue and Share Transfer Agents,BEACON INVESTOR HOLDINGS PRIVATE LIMITED,contact@beaconrta.co.in,02244507423,"Unit No. F 1017, First Floor, F Wing, Phase I, Akshar Business Park, Plot No. 3, Sector 25, Vashi, NAVI MUMBAI, MAHARASHTRA, 400703","Jan 31, 2025 - Perpetual",,
INR000000262,Registrars to an Issue and Share Transfer Agents,BEETAL FINANCIAL & COMPUTER SERVICES PVT,,011 29961281/83,"BEETAL HOUSE, 99, MADANGIR, III FLOOR, (BEHIND LOCAL SHOPPING CENTRE, PUSHP VIHAR), NEW DELHI, NATIONAL CAPITAL TERRITORY OF DELHI, 110062","Aug 01, 2015 - Perpetual",,
INR000004041,Registrars to an Issue and Share Transfer Agents,BGSE FINANCIALS LTD,cs@bfsl.co.in,9180666773325,"51, STOCK EXCHANGE TOWERS, MAIN COMPLEX, 4TH FLOOR, SOUTH BLOCK, NO.51, 1ST CROSS, J. C. ROAD,, BANGALORE, KARNATAKA, 560027","Aug 01, 2016 - Perpetual",,
INR000001385,Registrars to an Issue and Share Transfer Agents,BIGSHARE SERVICES PVT. LTD.,mohan@bigshareonline.com,912262638200,"E/2, ANSA INDUSTRIAL ESTATE, SAKI-VIHAR ROAD, SAKINAKA, ANDHERI (E), MUMBAI, MAHARASHTRA, 400072","Jun 16, 2016 - Perpetual",,
INR200004031,Registrars to an Issue and Share Transfer Agents,BTS CONSULTANCY SERVICES PVT LTD,,,,"Jul 03, 2013 - Perpetual",,
INR000004440,Registrars to an Issue and Share Transfer Agents,C B Management Services Private Limited,rta@cbmsl.com,03369066200,"C-101, Embassy 247, L.B.S. Marg, Vikhroli (West),, MUMBAI, MAHARASHTRA, 400083","Oct 03, 2024 - Perpetual",,
INR000003753,Registrars to an Issue and Share Transfer Agents,CAMEO CORPORATE SERVICES LIMITED,,,"SUBRAMANIAN BUILDING, NO. 1 CLUB HOUSE ROAD, CHENNAI, TAMIL NADU, 600002","Apr 01, 2014 - Perpetual",,
INR000003621,Registrars to an Issue and Share Transfer Agents,CANBANK COMPUTER SERVICES LTD,ccslrnt@ccsl.co.in,(080) 23469661,"NO. 218, FIRST FLOOR, J P ROYALE, IIND MAIN,, SAMPIGE ROAD, NEAR 14TH CROSS, MALLESWARAM, BANGALORE, KARNATAKA, 560003","Jun 01, 2016 - Perpetual",,
INR000004200,Registrars to an Issue and Share Transfer Agents,CDSL Ventures Limited,sanjeevk@cdslindia.com,912261216905,"Marathon Futurex, A-Wing 25th Floor , N M Joshi Marg, Lower Parel (East), MUMBAI, MAHARASHTRA, 400013","Mar 26, 2018 - Perpetual",,
INR000002276,Registrars to an Issue and Share Transfer Agents,CIL SECURITIES LIMITED,,,"#214, RAGHAVA RATNA TOWERS,, CHIRAG ALI LANE, ABIDS,, ANDHRA PRADESH, 500001","Jan 16, 2013 - Perpetual",,
INR000003647,Registrars to an Issue and Share Transfer Agents,COMPUTECH SHARECAP LIMITED,helpdesk@computechsharecap.com,0222263500,,"Apr 01, 2016 - Perpetual",,
INR000002813,Registrars to an Issue and Share Transfer Agents,COMPUTER AGE MANAGEMENT SERVICES LIMITED,sv_karthick@camsonline.com,04430212924,"NEW NO.10, OLD NO 178, MGR SALAI, CHENNAI, TAMIL NADU, 600034","Sep 16, 2015 - Perpetual",,
INR000004404,Registrars to an Issue and Share Transfer Agents,CYBRILLA TECHNOLOGIES PRIVATE LIMITED,satish@cybrilla.com,9916599187,"Number 1660 and 1661 , The Millers Autograph 1st Floor 27th Main 2nd Sector HSR Layout, BANGALORE, KARNATAKA, 560102","Mar 27, 2024 - Perpetual",,
INR000000403,Registrars to an Issue and Share Transfer Agents,DATA SOFTWARE RESEARCH COMPANY P LTD ( LIMITED),,044 28211664,"KASTURI TOWERS, 6, SMITH ROAD,, CHENNAI, TAMIL NADU, 600002","Sep 16, 2015 - Perpetual",,
INR000000874,Registrars to an Issue and Share Transfer Agents,DATAMATICS BUSINESS SOLUTIONS LIMITED,compliance_officer@datamaticsbpm.com,9102266712201,"Plot No. B 5  Part B Crosslane, MIDC ANDHERI EAST, MUMBAI, MAHARASHTRA, 400093","Dec 16, 2015 - Perpetual",,
INR000004431,Registrars to an Issue and Share Transfer Agents,Elevate Fintech Private Limited,info@elevatefintech.in,0919948339040,"5-9-91 & 93, Flat No. 204, Shakti Sai Complex, Chapel Road, Nampally, HYDERABAD, TELANGANA, 500001","Sep 02, 2024 - Perpetual",,
INR000004529,Registrars to an Issue and Share Transfer Agents,EVERMORE STOCK BROKERS PRIVATE LIMITED,ACCOUNTS@EVERMORE.IN,02242229919,"F-003, 15th Floor, Tower-1, GANDHINAGAR, GUJARAT, 382355","Jan 07, 2026 - Perpetual",,
INR000003563,Registrars to an Issue and Share Transfer Agents,FREEDOM REGISTRY LIMITED,support@freedomregistry.co.in,9102268959000,"403 - A, B wing, 4th Floor, Reliable Tech Park, Belapur Road,  Airoli, Thane, NAVI MUMBAI, MAHARASHTRA, 400708","Jul 10, 2026 - Perpetual",,
INR200003967,Registrars to an Issue and Share Transfer Agents,GNSA INFOTECH PVT LTD,,04442962025,"nelson Chambers, E & F BLOCK, # 115 NELSON MANICKAM ROAD, AMINTHAKARAI, CHENNAI, TAMIL NADU, 600029","Dec 13, 2013 - Perpetual",,
INR000004228,Registrars to an Issue and Share Transfer Agents,GOLDVISTAS INVESTOR SERVICES PRIVATE LIMITED,cs.skannan@gmail.com,9108026423445,"No.13, Gr. Floor, 1st Main Road,, Venkateshwara Layout, Attiguppe, Vijayanagara, BANGALORE, KARNATAKA, 560040","Jan 03, 2019 - Perpetual",,
INR000004334,Registrars to an Issue and Share Transfer Agents,Harmilap Share Transfer Agents,hramilapsta@gmail.com,9108929835991,"Shop No 2 & 3 Ground Floor, A 90 & 91 Indra Nagar, Near New Subzi Mandi, DELHI, NATIONAL CAPITAL TERRITORY OF DELHI, 110033","Jul 02, 2021 - Perpetual",,
INR000004486,Registrars to an Issue and Share Transfer Agents,HORIZON FINANCIAL CONSULTANTS PRIVATE LIMITED,COMP@HORIZON.NET.CO,03303348223223,"56E HEMANTA BASU SARANI, STEPHEN HOUSE ROOM NO.62, KOLKATA, WEST BENGAL, 700001","Sep 04, 2025 - Perpetual",,
INR000004291,Registrars to an Issue and Share Transfer Agents,INDO MONEY SECURITIES PRIVATE LIMITED,COMPLIANCE@INDOMONEY.IN,911122893600,"102, FIRST FLOOR, JHILMIL METRO STATION COMPLEX, JHILMIL, DELHI, NATIONAL CAPITAL TERRITORY OF DELHI, 110095","Jan 22, 2020 - Perpetual",,
INR000003845,Registrars to an Issue and Share Transfer Agents,INDUS PORTFOLIO PRIVATE LIMITED,rs.kushwaha@indusinvest.com,01101147671200,"1ST FLOOR, GOPAL COMPLEX, CIVIL ROAD, ROHTAK HARYANA, ROHTAK, HARYANA, 124001","Sep 06, 2013 - Perpetual",,
INR000000544,Registrars to an Issue and Share Transfer Agents,INTEGRATED REGISTRY MANAGEMENT SERVICES PRIVATE LIMITED,,,"2nd FLOOR, KENCES TOWERS, 1, RAMAKRISHNA STREET,, NORTH USMAN ROAD, T. NAGAR, CHENNAI, TAMIL NADU, 600017","Nov 01, 2015 - Perpetual",,
INR300000061,Registrars to an Issue and Share Transfer Agents,ITC LIMITED,,na,"VIRGINIA HOUSE, 37 JAWAHARLAL NEHRU ROAD, KOLKATA, WEST BENGAL, 700071","Jun 16, 2016 - Perpetual",,
INR000003555,Registrars to an Issue and Share Transfer Agents,JUPITER CORPORATE SERVICES LIMITED,,,"AMBUJA TOWER, OPP SINDHU BHAVAN, SINDHU BHAVAN ROAD, BODAKDEV, P.O. THALTEJ,, AHMEDABAD, GUJARAT, 380059","Jun 16, 2015 - Perpetual",,
INR000000221,Registrars to an Issue and Share Transfer Agents,KFIN TECHNOLOGIES LIMITED,compliance.corp@kfintech.com,912249620337,"301, The Centrium, 3rd Floor,  , Lal Bahadur Shastri, Nav Pada, Kurla West,, MUMBAI, MAHARASHTRA, 400070","Jul 15, 2019 - Perpetual",,
INR000001666,Registrars to an Issue and Share Transfer Agents,LML LIMITED,,+91+919235360373,"C-10, PANKI INDUSTRIAL ESTATE,, NA, KANPUR, UTTAR PRADESH, 208022","Nov 16, 2015 - Perpetual",,
INR000004370,Registrars to an Issue and Share Transfer Agents,MAASHITLA SECURITIES PRIVATE LIMITED,compliance@maashitla.com,911145121795,"451, KRISHNA APRA BUSINESS SQUARE, NETAJI SUBHASH PLACE, PITAMPURA, NEW DELHI, NATIONAL CAPITAL TERRITORY OF DELHI, 110034","Apr 25, 2022 - Perpetual",,
INR000000353,Registrars to an Issue and Share Transfer Agents,MAHESHWARI DATAMATICS PRIVATE LIMITED.,compliance@mdplcorporate.com,9103322482248,"23 R N MUKHERJEE TPAD, KOLKATA, WEST BENGAL, 700001","Sep 01, 2015 - Perpetual",,
INR000000049,Registrars to an Issue and Share Transfer Agents,MAS SERVICES LIMITED,,,"2nd FLOOR , T-34 OKHLA INDUSTRIAL AREA,, PHASE-II, NEW DELHI., NEW DELHI, NATIONAL CAPITAL TERRITORY OF DELHI, 110020","Aug 01, 2015 - Perpetual",,
INR000004108,Registrars to an Issue and Share Transfer Agents,MCS SHARE TRANSFER AGENT LTD.,mcssta@rediffmail.com,9103340704051,"12 / 1 / 5 MANOHARPUKUR ROAD,, KOLKATA, KOLKATA, WEST BENGAL, 700026","Aug 17, 2012 - Perpetual",,
INR000004157,Registrars to an Issue and Share Transfer Agents,MF UTILITIES INDIA PVT. LTD.,,,"103 - 105, 1st FLOOR, ORION BUSINESS PARK, GHODBUNDER ROAD, KAPURBAWDI, THANE (WEST), THANE, MAHARASHTRA, 400607","Dec 29, 2014 - Perpetual",,
INR000004307,Registrars to an Issue and Share Transfer Agents,MINDEX CAPITAL MARKET PRIVATE LIMITED,NITIN@MINDEX.CO.IN,911140904090,"1306, PADMA TOWER-1, RAJENDRA PLACE, NEW DELHI, NATIONAL CAPITAL TERRITORY OF DELHI, 110008","Sep 10, 2025 - Perpetual",,
INR000004413,Registrars to an Issue and Share Transfer Agents,MUDRA RTA VENTURES PRIVATE LIMITED,ROC.MUDRA@gmail.com,0911135893855,"B-117, 3RD FLOOR, DDA SHED, OKHLA INDUSTRIAL AREA, PHASE 1, NEW DELHI, NATIONAL CAPITAL TERRITORY OF DELHI, 110020","Jun 18, 2024 - Perpetual",,
INR000004058,Registrars to an Issue and Share Transfer Agents,MUFG INTIME INDIA PRIVATE LIMITED,bn.ramakrishnan@in.mpms.mufg.com,9102249186000,"C-101 1 st Floor, Embassy 247 , LBS Marg Vikhroli West, MUMBAI, MAHARASHTRA, 400083","Dec 05, 2024 - Perpetual",,
INR200004114,Registrars to an Issue and Share Transfer Agents,NAGARJUNA FERTILIZERS AND CHEMICALS LIMITED,mvijayabhasker@nfcl.in,914066544500,"NAGARJUNA HILLS, PUNJAGUTTA, HYDERABAD, TELANGANA, 500082","Aug 28, 2012 - Perpetual",,
INR000004422,Registrars to an Issue and Share Transfer Agents,NEXTGEN SHARE REGISTRY PRIVATE LIMITED,nextgen.reachus@gmail.com,910119810212376,"301, PRATAP CHAMBERS,, GURUDWARA ROAD, KAROL BAGH, DELHI, NATIONAL CAPITAL TERRITORY OF DELHI, 110005","Aug 29, 2024 - Perpetual",,
INR000003290,Registrars to an Issue and Share Transfer Agents,NICHE TECHNOLOGIES PRIVATE LIMITED,compliance@nichetechpl.com,913322806616,"3A, AUCKLAND PLACE, 7th FLOOR, ROOM NO. 7A & 7B, KOLKATA, WEST BENGAL, 700017","Aug 16, 2014 - Perpetual",,
INR000004264,Registrars to an Issue and Share Transfer Agents,NIVIS CORPSERVE LLP,INFO@NIVIS.CO.IN,911145201005,"03 SHANKAR VIHAR, 02 FLOOR VIKAS MARG, DELHI, NATIONAL CAPITAL TERRITORY OF DELHI, 110092","Feb 03, 2025 - Perpetual",,
INR000004181,Registrars to an Issue and Share Transfer Agents,NSDL DATABASE MANAGEMENT LIMITED,nehalt@nsdl.co.in,91022049142700,"4th Floor, Tower 3, One International Center, Senapati Bapat Marg, Prabhadevi,, MUMBAI, MAHARASHTRA, 400013","May 17, 2016 - Perpetual",,
INR000004501,Registrars to an Issue and Share Transfer Agents,Nuvama Clearing Services Limited,ncsl.rtacompliance@nuvama.com,9102266203030,"801- 804, WING A, BUILDING NO. 3, INSPIRE BKC, G BLOCK, BANDRA KURLA COMPLEX, BANDRA EAST,, MUMBAI, MAHARASHTRA, 400051","Sep 19, 2025 - Perpetual",,
INR000004459,Registrars to an Issue and Share Transfer Agents,O J FINANCIAL SERVICES LTD,lokesh.gupta@ojfin.com,01101149670052,"901 MERCANTILE HOUSE, 15 KASTURBA GANDHI MARG, NEW DELHI, NATIONAL CAPITAL TERRITORY OF DELHI, 110001","Oct 15, 2024 - Perpetual",,
INR000004389,Registrars to an Issue and Share Transfer Agents,ONEPLUS RTA SERVICES PRIVATE LIMITED,nahush.dalal@gmail.com,0919227422455,"173, Maher Nagar Society,, Adajan Char Rasta, Adajan,, SURAT, GUJARAT, 395009","Mar 15, 2023 - Perpetual",,
INR000004219,Registrars to an Issue and Share Transfer Agents,Orbis Financial Corporation Limited,compliance@orbisfinancial.in,911244546565,"4A Ocus Technopolis, Golf Club Road Sector 54, GURGAON, HARYANA, 122002","Dec 13, 2018 - Perpetual",,
INR000001112,Registrars to an Issue and Share Transfer Agents,PURVA SHAREGISTRY (INDIA)  P LTD (BUSICOMP SOFTWARE CONSULTANTS,,,"9 SHIV SHAKTI INDUSTRIAL ESTATE, J R BORICHA MARG, LOWER PAREL (E), MUMBAI, MAHARASHTRA, 400011","Apr 01, 2016 - Perpetual",,
INR000004477,Registrars to an Issue and Share Transfer Agents,Pushpak Financial Services Pvt Ltd,admin@htdesigns.co.in,03340646436,"H.No.-1, Circuit House Area, Bistupur, JAMSHEDPUR, JHARKHAND, 831001","Jul 31, 2025 - Perpetual",,
INR000003985,Registrars to an Issue and Share Transfer Agents,R & D INFOTECH PVT LTD,,3324631657,"GROUND FLOOR, 22/4 NAKULESHWAR BHATTACHARYA LANE, KOLKATA, WEST BENGAL, 700026","Nov 08, 2014 - Perpetual",,
INR000000429,Registrars to an Issue and Share Transfer Agents,RCMC SHARE REGISTRY PVT LTD.,,,,"Feb 04, 2015 - Perpetual",,
INR000004316,Registrars to an Issue and Share Transfer Agents,REGNUM CAPITAL ADVISORS PRIVATE LIMITED,radhrupawala@gmail.com,0919712276923,"H.NO.-2/1932, 5TH FLOOR, 502, TAXSHILA APARTMENT , NAVSARI BAZAR ROAD , MAJURA GATE, SURAT, GUJARAT, 395002","May 06, 2021 - Perpetual",,
INR000004361,Registrars to an Issue and Share Transfer Agents,Religare Broking Limited,compliance@religare.com,911204866643,"2nd Floor, P-14, 45/90, , P-Block, Connaught Place,, NEW DELHI, NATIONAL CAPITAL TERRITORY OF DELHI, 110001","Apr 05, 2022 - Perpetual",,
INR000004538,Registrars to an Issue and Share Transfer Agents,RUDRA FINSERV PRIVATE LIMITED,siddhartha.bansal@rudra.co,919839856665,"39/007A, TOP FLOOR,15-16, NEW BERRY ROAD, LUCKNOW, UTTAR PRADESH, 226001","Jul 01, 2026 - Perpetual",,
INR000003886,Registrars to an Issue and Share Transfer Agents,S.K. INFOSOLUTIONS PVT.LTD.,,,"34/1A SUDHIR CHATTERJEE STR., KOLKATA, WEST BENGAL, 700006","Oct 01, 2016 - Perpetual",,
INR000004025,Registrars to an Issue and Share Transfer Agents,SABI VINIYOG PRIVATE LTD,mk_saraf@sify.com,0332213 8503,"1 Old Court House Corner, 5th Floor, Suite No.514 & 519, KOLKATA, WEST BENGAL, 700001","Jul 12, 2016 - Perpetual",,
INR000004246,Registrars to an Issue and Share Transfer Agents,SAG INFOTECH PRIVATE LIMITED,info@saginfotech.com,911414072000,"B-9, 2nd & 3rd Floor, Behind WTP South Block, Mahalaxmi Nagar, Malviya Nagar, JAIPUR, RAJASTHAN, 302017","Feb 13, 2019 - Perpetual",,
INR000002441,Registrars to an Issue and Share Transfer Agents,SARTHAK GLOBAL LIMITED (FORMERLY AVANTI FINANCE LTD.),,07312523545,"170/10, FILM COLONY, R. N. T. MARG,, INDORE, MADHYA PRADESH, 452001","May 16, 2016 - Perpetual",,
INR000003639,Registrars to an Issue and Share Transfer Agents,SATELLITE CORPORATE SERVICES PRIVATE LTD,,02228520461/462,"B-302,SONY APARTMENT,OPP ST.JUDE HIGH SCHOOL, JARIMARI,SAKINAKA, MUMBAI, MAHARASHTRA, 400072","Feb 16, 2016 - Perpetual",,
INR000004132,Registrars to an Issue and Share Transfer Agents,Shriram Insight Share Brokers Limited,complianceofficer@Shriraminsight.com,9103323587188,"Shriram House, No.4, Burkit Road, T.Nagar, CHENNAI, TAMIL NADU, 600017","May 27, 2026 - Perpetual",,
INR000004237,Registrars to an Issue and Share Transfer Agents,SKI Capital Services Limited,contact@skicapital.net,9101145046000,"718, Joshi Road, Karol Bagh, NEW DELHI, NATIONAL CAPITAL TERRITORY OF DELHI, 110005","Jan 03, 2019 - Perpetual",,
INR000003241,Registrars to an Issue and Share Transfer Agents,SKYLINE FINANCIAL SERVICES PVT. LTD.,,011 30857557,"123, VINOBAPURI,, LAJPAT NAGAR - II,, NEW DELHI, NATIONAL CAPITAL TERRITORY OF DELHI, 110024","Aug 01, 2014 - Perpetual",,
INR000004282,Registrars to an Issue and Share Transfer Agents,SPS SHARE BROKERS PRIVATE LIMITED,spsshares@sps.group,9102262746274,"121/4, MG ROAD, AGRA BUILDING, 1ST FLOOR , FORT, MUMBAI, MAHARASHTRA, 400001","Jul 24, 2019 - Perpetual",,
INR000000502,Registrars to an Issue and Share Transfer Agents,SYSTEM SUPPORT SERVICES,,850 0835,"209, SHIVAI INDUSTRIAL ESTATE,, 89, ANDHERI-KURLA ROAD,, MUMBAI, MAHARASHTRA, 400072","Dec 01, 2015 - Perpetual",,
INR000004510,Registrars to an Issue and Share Transfer Agents,TRUSTLINK INVESTOR SERVICES PRIVATE LIMITED,khemaninishant@gmail.com,119910118347,"313-A-3 T/F PRATAP BHAWAN, BAHADUR SHAH ZAFAR MARG, Minto Road, Central Delhi, DELHI, NATIONAL CAPITAL TERRITORY OF DELHI, 110002","Dec 16, 2025 - Perpetual",,
INR000001211,Registrars to an Issue and Share Transfer Agents,UTI INFRASTRUCTURE TECHNOLOGY AND SERVICES LTD. (FORMERLY UTI TECHNOLOGY SERVICES LTD.),pushpa.priyani@utiitsl.com,02267931010,"UTI BHAWAN, PLOT NO.3 SECTOR 11., CBD BELAPUR, NAVI MUMBAI, MAHARASHTRA, 400614","Jun 16, 2016 - Perpetual",,
INR000004398,Registrars to an Issue and Share Transfer Agents,Validus Fintech Services Private Limited,compliance@validusfintech.com,919100222569,"1st Floor, Nathani Towers, Plot no. 42, DLF Road, Jayabheri Enclave II, Gachibowli, HYDERABAD, TELANGANA, 500032","Jun 22, 2023 - Perpetual",,
:,Underwriters,,,,,,,
IN/AIF1/25-26/1857,Registered Alternative Investment Funds,,manjunath@ascentcapital.in,,"No1 Ali Askar Road Bangalore  560 052, BANGALORE, KARNATAKA, 560052","Jul 23, 2025 - Perpetual",,
IN/AIF1/17-18/0384,Registered Alternative Investment Funds,021 Capital Trust,sailesh@021.capital,,"No 26, Ozone Residenza,  3 3 Harlur Main Road, HSR Layout, BANGALORE, KARNATAKA, 560102","Nov 06, 2017 - Perpetual",,
IN/AIF2/21-22/1013,Registered Alternative Investment Funds,021 CAPITAL TRUST - II,saileshtulshan@gmail.com,,"No. 26, Ozone Residenza,, 3/3 Harlur Main Road,HSR Layout, Bangalore, BANGALORE, KARNATAKA, 560102","Mar 14, 2022 - Perpetual",,
IN/AIF2/25-26/1983,Registered Alternative Investment Funds,1000X CAPITAL TRUST,Info@1000x.co.in,,"17, Balmukund Mackar Road, 2nd Floor, Room No. 8, KOLKATA, WEST BENGAL, 700007","Dec 10, 2025 - Perpetual",,
IN/AIF3/25-26/1864,Registered Alternative Investment Funds,1008 Bharat Growth Trust,1008bharatgrowth@gmail.com,,"502, The Summit Business Bay, Andheri Kurla Road,, Near Cinemax, Andheri East, Chakala MIDC,, MUMBAI, MAHARASHTRA, 400093","Jul 29, 2025 - Perpetual",,
IN/AIF2/23-24/1342,Registered Alternative Investment Funds,100Unicorns,ankit@9unicorns.in,,"9th Floor, Unit No1, Times Square, Venture Catalysts Private Limited, B Wing, Near Marol Metro Station, Andheri East, Mumbai., MUMBAI, MAHARASHTRA, 400059","Sep 11, 2023 - Perpetual",,
IN/AIF2/23-24/1349,Registered Alternative Investment Funds,108 Capital Venture Fund,nk@108.vc,,"104, Shiv Smriti chambers, 49A, Dr. Annie Besant Road, Worli, Mumbai, 400018, MUMBAI, MAHARASHTRA, 400018","Sep 15, 2023 - Perpetual",,
IN/AIF3/23-24/1391,Registered Alternative Investment Funds,11H Holdings,ronak@11hadvisors.com,,"2B, Samved, Near Sopan Tower, Navrangpura, Ahmedabad, AHMEDABAD, GUJARAT, 380059","Nov 23, 2023 - Perpetual",,
IN/AIF3/24-25/1602,Registered Alternative Investment Funds,129 Wealth Trust,info@paulasset.com,,"4th Floor DGK 407 The Galleria Action Area1, New Town Parganas, KOLKATA, WEST BENGAL, 700156","Sep 26, 2024 - Perpetual",,
IN/AIF3/24-25/1586,Registered Alternative Investment Funds,16 Alpha Alternatives Technologies Fund,office@16alpha.in,,"207M Kailash Building, 26 Kasturba Gandhi Marg, NEW DELHI, NATIONAL CAPITAL TERRITORY OF DELHI, 110001","Sep 02, 2024 - Perpetual",,
IN/AIF2/26-27/2197,Registered Alternative Investment Funds,1950 Ventures AIF,,,"No 329 First Floor 3rd Stage 4th Block, Basaveshwaranagar Bangalore North, MUMBAI, MAHARASHTRA, 560079","May 27, 2026 - Perpetual",,
IN/AIF1/17-18/0344,Registered Alternative Investment Funds,1Funds Trust,,,"601,6th Floor Keshava,  Bandra Kurla Complex, Bandra East, MUMBAI, MAHARASHTRA, 400051","Jun 27, 2017 - Perpetual",,
IN/AIF1/22-23/1078,Registered Alternative Investment Funds,1Funds Trust 2,anil.gudibande@1crowd.co,,"First Floor, Flat No. 101,Siddhivinayak, Union Park, 1st Cross Road, Khar West,, MUMBAI, MAHARASHTRA, 400052","Jun 04, 2022 - Perpetual",,
IN/AIF2/25-26/1810,Registered Alternative Investment Funds,247VC Investment Trust,yagnesh@247vc.in,,"10th Floor, 1006, The Address by Wadhwa Group, LBS Marg, Opp RCity Mall, Ghatkopar West, MUMBAI, MAHARASHTRA, 400086","May 21, 2025 - Perpetual",,
IN/AIF3/19-20/0686,Registered Alternative Investment Funds,2Point2 Capital Trust,bhavit@2point2capital.com,,"D/907 Oberoi Splendor, Opp. Majas Depot JV Link Road Andheri East, MUMBAI, MAHARASHTRA, 400060","Apr 23, 2019 - Perpetual",,
IN/AIF3/25-26/1798,Registered Alternative Investment Funds,31 Degrees North Fund,tejasshah@31degreesnorth.in,,"23 Narayan Chambers, Opp Patang Hotel Nr Nehru Bridge Ellisbridge, AHMEDABAD, GUJARAT, 380009","Apr 24, 2025 - Perpetual",,
IN/AIF1/17-18/0321,Registered Alternative Investment Funds,35North India Growth Fund Trust,,,,"Apr 19, 2017 - Perpetual",,
IN/AIF3/16-17/0286,Registered Alternative Investment Funds,360 ONE ALTERNATIVE OPPORTUNITIES FUND,ashutosh.naik@iiflw.com,,"IIFL Centre, Kamala city, Senapati Bapat Marg, lower parel, MUMBAI, MAHARASHTRA, 400013","Dec 22, 2016 - Perpetual",,
IN/AIF1/21-22/1011,Registered Alternative Investment Funds,360 ONE Asset Angel Fund 1,nandini@mumbaiangels.com,,"360 ONE Centre, Kamala City, Senapati Bapat Marg, Lower Parel, MUMBAI, MAHARASHTRA, 400013","Mar 14, 2022 - Perpetual",,
IN/AIF3/12-13/0016,Registered Alternative Investment Funds,360 ONE Opportunities Fund,Meetali.Mistry@iiflw.com,,"IIFL Centre, Kamala City, Senapati Bapat Marg, Lower Parel, MUMBAI, MAHARASHTRA, 400013","Nov 16, 2012 - Perpetual",,
IN/AIF2/12-13/0015,Registered Alternative Investment Funds,360 ONE Private Equity Fund,ashutosh.naik@iiflw.com,,"360 ONE Centre, Kamala City, Senapati Bapat Marg, lower parel, MUMBAI, MAHARASHTRA, 400013","Nov 16, 2012 - Perpetual",,
IN/AIF2/20-21/0838,Registered Alternative Investment Funds,360 ONE Venture Capital Trust,samay@scaleventurecap.com,,"360 ONE Centre, Kamala Mills Compound, Senapati Bapat Marg,, Lower Parel, Mumbai 400013, MUMBAI, MAHARASHTRA, 400013","Nov 02, 2020 - Perpetual",,
IN/AIF2/20-21/0830,Registered Alternative Investment Funds,360 Rising Straits Capital Fund,gaurav@risingstraits.com,000000001244353830,"Unit No 1117, 11th Floor, Tower B, Vatika Towers, Golf Course Road, Sector 54, GURGAON, HARYANA, 122002","Oct 07, 2020 - Perpetual",,
IN/AIF1/16-17/0301,Registered Alternative Investment Funds,3F Ventures,,,"Unit No 4, Jetha Compound,Opp Nirmal Park, Byculla East, MUMBAI, MAHARASHTRA, 400027","Feb 20, 2017 - Perpetual",,
IN/AIF2/26-27/2177,Registered Alternative Investment Funds,3IPARTNERS FUND,kavya@3ipartners.net,,"EPIP F 26, Plot No. 77, SY No 150,, EPIP Layout, Whitefield, BANGALORE, KARNATAKA, 560066","May 13, 2026 - Perpetual",,
IN/AIF2/25-26/2006,Registered Alternative Investment Funds,3ONE4 CAPITAL BREAKTHROUGH DYNAMICS FUND,DEEPAK@3ONE4CAPITAL.COM,,"OFFICE NO. 01, 5th FLOOR, 1 SOBHA, 50 ST. MARKS ROAD, BANGALORE, KARNATAKA, 560001","Jan 02, 2026 - Perpetual",,
IN/AIF1/22-23/1215,Registered Alternative Investment Funds,3ONE4 CAPITAL INDIA INTERNET DYNAMICS,deepak@3one4capital.com,,"Office No. 01, 5th floor, 1 Sobha, 50, St. Marks Road, BANGALORE, KARNATAKA, 560001","Feb 24, 2023 - Perpetual",,
IN/AIF1/15-16/0204,Registered Alternative Investment Funds,3ONE4CAPITAL TRUST,,,"Office No. 01, 5th Floor, , 1 Sobha, 50 St Marks Road, BANGALORE, KARNATAKA, 560001","Feb 04, 2016 - Perpetual",,
IN/AIF3/22-23/1221,Registered Alternative Investment Funds,3P INDIA EQUITY FUND,sharadm@3pim.in,,"201 East wing, 2nd Floor, Nirlon House, Dr. Annie Besant Road, Worli, MUMBAI, MAHARASHTRA, 400030","Mar 02, 2023 - Perpetual",,
IN/AIF2/24-25/1652,Registered Alternative Investment Funds,5 RIVERS CAPITAL TRUST I,droy@5riverscap.com,,"C 1103 Floor 11 Plot 180 188 C Ashok Garden Tower 1 Tokersey Jivraj Road Swan Mill Compound Sewri, MUMBAI, MAHARASHTRA, 400015","Dec 04, 2024 - Perpetual",,
IN/AIF1/23-24/1390,Registered Alternative Investment Funds,77 EAST VENTURE FUND,dhiraj@77eastvp.com,,"Flat No.4C, Coventry Apartments, No. 28, Convent Road, Richmond Town, BANGALORE, KARNATAKA, 560025","Nov 23, 2023 - Perpetual",,
IN/AIF1/24-25/1727,Registered Alternative Investment Funds,888vc Accelerator Fund,rohit@888vc.co,,"C823 Parimala Sunridge Apartment, Siddhapura Whitefield, BANGALORE, KARNATAKA, 560066","Feb 17, 2025 - Perpetual",,
IN/AIF2/23-24/1480,Registered Alternative Investment Funds,8X VENTURES FUND,8xventures.nda@nishithdesai.com,,"8X Ventures Fund at H No. 1, First Floor, KH No. 619 7, Opp. Tivoli Garden, Chattarpur, New Delhi 11, DELHI, NATIONAL CAPITAL TERRITORY OF DELHI, 110074","Mar 27, 2024 - Perpetual",,
IN/AIF1/18-19/0663,Registered Alternative Investment Funds,9Unicorns Accelerator Fund,info@vcatsaccelerator.com,,"203 204, Mittal Commercia,, Off Andheri Kurla Road, Andheri East, MUMBAI, MAHARASHTRA, 400059","Mar 29, 2019 - Perpetual",,
IN/AIF2/23-24/1311,Registered Alternative Investment Funds,A K ALTERNATIVE INVESTMENTS TRUST II,vikas@akgroup.co.in,9102267546528,"604, 6th Floor, Windsor, Off CST Road, Kalina, Santacruz, East, MUMBAI, MAHARASHTRA, 400098","Jul 19, 2023 - Perpetual",,
IN/AIF2/25-26/2069,Registered Alternative Investment Funds,A88 TRUST,compliance.aif@infoedge.com,,"Unit No. GF 12A, 94, Meghdoot,, Nehru Place, New Delhi 110019, NEW DELHI, NATIONAL CAPITAL TERRITORY OF DELHI, 110019","Feb 27, 2026 - Perpetual",,
IN/AIF2/19-20/0712,Registered Alternative Investment Funds,A91 EMERGING FUND I LLP,nari@a91partners.com,,"1001 & 1002, Lodha Supremus, Dr. E. Moses Road, Worli Naka, MUMBAI, MAHARASHTRA, 400018","Jul 03, 2019 - Perpetual",,
IN/AIF2/21-22/0940,Registered Alternative Investment Funds,A91 Emerging Fund II LLP,ruchi@a91partners.com,,"Number 1001 and 1002, Lodha Supremus, Dr. E. Moses Road, Worli Naka, MUMBAI, MAHARASHTRA, 400018","Oct 20, 2021 - Perpetual",,
IN/AIF2/24-25/1707,Registered Alternative Investment Funds,A91 Emerging Fund III LLP,ruchi@a91partners.com,,"702 Orchid Tower A 241242 Bellasis Road Mumbai Central Mumbai 400008, MUMBAI, MAHARASHTRA, 400008","Feb 05, 2025 - Perpetual",,
IN/AIF2/19-20/0697,Registered Alternative Investment Funds,A91 Partners Trust,nari@a91partners.com,,"F-801, Jay Balaji CHS Ltd, Plot No. 26, Sector-6, Nerul, Navi Mumbai Thane, THANE, MAHARASHTRA, 400706","May 22, 2019 - Perpetual",,
IN/AIF2/21-22/0950,Registered Alternative Investment Funds,A91 Partners Trust II,ruchi@a91partners.com,,"1001 & 1002, Lodha Supremus, , Dr. E. Moses Road, Worli Naka, Mumbai 400018, MUMBAI, MAHARASHTRA, 400018","Nov 08, 2021 - Perpetual",,
IN/AIF2/24-25/1755,Registered Alternative Investment Funds,A91 Partners Trust III,ruchi@a91partners.com,9109833128216,"1001 and 1002, Lodha Supremus, Dr.E Moses Road, Worli Naka, Mumbai, Maharashtra,India 400018, MUMBAI, MAHARASHTRA, 400018","Mar 10, 2025 - Perpetual",,
IN/AIF2/25-26/2079,Registered Alternative Investment Funds,a99 Investment AIF Trust,compliance@a99.vc,,"No. 74, 1st Floor, Fagun Mansion, Ethiraj Salai, Egmore, Chennai 600008, CHENNAI, TAMIL NADU, 600008","Mar 06, 2026 - Perpetual",,
IN/AIF3/22-23/1226,Registered Alternative Investment Funds,AAA India Equity Fund,mayurthakur@alfaccurate.com,,"503, B wing, Naman Midtown, Senapati Bapat Road, MUMBAI, MAHARASHTRA, 400013","Mar 09, 2023 - Perpetual",,
IN/AIF2/25-26/2022,Registered Alternative Investment Funds,AAA Zenith Fund,compliance@alfaccurate.com,,"503 B Wing Naman Midtown , Senapati Bapat Road Mumbai 400013 Maharashtra India, MUMBAI, MAHARASHTRA, 400013","Jan 20, 2026 - Perpetual",,
IN/AIF2/23-24/1446,Registered Alternative Investment Funds,Aabhuti Investment Fund Trust,shankar.s@refex.co.in,,"Second Floor, Refex Towers, Sterling Road Signal 313,, Valluvar Kottam High Road, Nungambakkam, CHENNAI, TAMIL NADU, 600034","Feb 07, 2024 - Perpetual",,
IN/AIF2/25-26/1879,Registered Alternative Investment Funds,Aagama Ventures Trust,shubhanga@aagama.vc,,"B 104 Powai Jaltarang CHS Powai Police Station, Rambaug Powai Mumbai Suburban, MUMBAI, MAHARASHTRA, 400076","Aug 18, 2025 - Perpetual",,
IN/AIF3/25-26/2116,Registered Alternative Investment Funds,Aamara Holdings Trust,sebi.compliance@aamaraamc.com,,"701, Floor-7th, Casa Granade Tower,, Senapati Bapat Marg, Lower Parel, Delisle Road,, MUMBAI, MAHARASHTRA, 400013","Mar 30, 2026 - Perpetual",,
IN/AIF2/23-24/1397,Registered Alternative Investment Funds,Aarambh Fund 1,suresh291974@gmail.com,,"No 96 5th Main Near Channaman Kere, Achukattu Telephone Exchange Banashankari 3rd stage, BANGALORE, KARNATAKA, 560085","Dec 01, 2023 - Perpetual",,
IN/AIF2/25-26/1875,Registered Alternative Investment Funds,Aaroh Capital Trust,amber@aarohcapital.in,,"No. 367, 3rd Floor, 100 Feet Road, HAL 2nd Stage, Indiranagar, BANGALORE, KARNATAKA, 5600038","Aug 12, 2025 - Perpetual",,
IN/AIF3/24-25/1610,Registered Alternative Investment Funds,Aarth.AIF,aarthfundmanager@gmail.com,,"The Ruby 2nd Floor SW 29 Senapati Bapat Marg, Dadar west Mumbai, MUMBAI, MAHARASHTRA, 400028","Oct 07, 2024 - Perpetual",,
IN/AIF1/15-16/0154,Registered Alternative Investment Funds,AARUHA TECHNOLOGY FUND,,,,"Jun 01, 2015 - Perpetual",,
IN/AIF3/25-26/2050,Registered Alternative Investment Funds,Aavihi India Trust,meghna.agrawal@aavihi.com,,"261 A Bommasandra Industrial Area, Hosur Road, BANGALORE, KARNATAKA, 560099","Feb 16, 2026 - Perpetual",,
IN/AIF2/16-17/0269,Registered Alternative Investment Funds,AAVISHKAAR BHARAT FUND,,,"Unit no 202, 203, 204, 2nd floor,Naman Centre, G block, Bandra Kurla Complex, Bandra East,, MUMBAI, MAHARASHTRA, 400051","Oct 18, 2016 - Perpetual",,
IN/AIF2/21-22/0877,Registered Alternative Investment Funds,Aavishkaar India Fund VI,amol_ganu@aavishkaar.in,,"Unit no 202, 203, 204, 2nd floor,Naman Centre, G block, Bandra Kurla Complex, Bandra East,, MUMBAI, MAHARASHTRA, 400051","Apr 27, 2021 - Perpetual",,
IN/AIF2/26-27/2183,Registered Alternative Investment Funds,Aavishkaar Nxtgen Trust,fund.compliance@aavishkaar.in,9102261248900,"Unit no 202 203 204 2nd floor Naman Centre, G block Bandra Kurla Complex Bandra East, MUMBAI, MAHARASHTRA, 400051","May 19, 2026 - Perpetual",,
IN/AIF3/18-19/0550,Registered Alternative Investment Funds,Abakkus Growth Fund,biharilal.deora@abakkusinvest.com,,"6th Floor,Param House,Shanti Nagar,Santacruz Chembur Link Road, Santacruz East, MUMBAI, MAHARASHTRA, 400055","Jun 05, 2018 - Perpetual",,
IN/AIF3/23-24/1326,Registered Alternative Investment Funds,ABAKKUS INDIA EQUITY TRUST,complianceteam@abakkusinvest.com,,"Abakkus Corporate Center, Sixth Floor, Param House, Shanti Nagar, Santacruz Chembur Link Road, Santacruz, MUMBAI, MAHARASHTRA, 400055","Aug 09, 2023 - Perpetual",,
IN/AIF2/21-22/0896,Registered Alternative Investment Funds,ABANS INVESTMENT TRUST,abans.nda@nishithdesai.com,,"36, 37, 38A, 3rd Floor, , 227 Nariman Bhavan, Mumbai 400 021, Maharashtra, India, MUMBAI, MAHARASHTRA, 400021","Jun 25, 2021 - Perpetual",,
IN/AIF1/24-25/1514,Registered Alternative Investment Funds,Abhi Incubation Angel Fund,abhimanyu@pushya.net,,"23th floor Godrej Platinum, Tower B3 Vikhroli, MUMBAI, MAHARASHTRA, 400079","May 07, 2024 - Perpetual",,
IN/AIF2/25-26/1839,Registered Alternative Investment Funds,Access Fund Trust,nilesh@accesspe.in,,"10th Floor 1004, B Square, Near Neptune House, Iscon Ambali BRTS Road, Ambli, Ahmedabad, Daskroi, AHMEDABAD, GUJARAT, 380058","Jul 04, 2025 - Perpetual",,
IN/AIF1/25-26/1947,Registered Alternative Investment Funds,ACCESS INDIA FUND,nilesh@accesspe.in,,"801, Abhijeet, Mithakhali Six Rasta, Ahmedabad, AHMEDABAD, GUJARAT, 380009","Nov 03, 2025 - Perpetual",,
IN/AIF3/25-26/1898,Registered Alternative Investment Funds,Accor Growth Fund,capithoncorporate@gmail.com,,"Office No - 201, 2nd Floor, Harmony Icon, Zydus Hospital Rd, nr. Baghban Party Plot Road, AHMEDABAD, GUJARAT, 380059","Sep 11, 2025 - Perpetual",,
IN/AIF3/17-18/0521,Registered Alternative Investment Funds,Accuracap Prime Opportunities Fund,rnagpal@accuracap.com,,"Office no. 919, 9th Floor,, Wave Silver Tower, Sector 18,, NOIDA, UTTAR PRADESH, 201301","Feb 27, 2018 - Perpetual",,
IN/AIF2/25-26/1981,Registered Alternative Investment Funds,Achievers Investment Trust,anjanatolani@gmail.com,,"Flt B 601, Charmee Enclave, Plot 342, Service Road, Vileeparle East, MUMBAI, MAHARASHTRA, 400057","Dec 09, 2025 - Perpetual",,
IN/AIF2/19-20/0722,Registered Alternative Investment Funds,Achieving Women Entrepreneurs Early Growth Trust,prachi@awefunds.com,,"1301, C Wing, Rizvi Oak, Sadguru Wamanrao Pai Road, Malad (East), MUMBAI, MAHARASHTRA, 400097","Aug 06, 2019 - Perpetual",,
IN/AIF3/23-24/1380,Registered Alternative Investment Funds,ACME CAT III AIF TRUST,csanand.prakash@outlook.com,,"F23 1, 1st Floor, Krishna Nagar Delhi East, DELHI, NATIONAL CAPITAL TERRITORY OF DELHI, 110051","Nov 15, 2023 - Perpetual",,
IN/AIF1/24-25/1767,Registered Alternative Investment Funds,ACME FINVEST TRUST,csanand.prakash@outlook.com,,"F23, 1, 1st Floor, Krishna Nagar Delhi East Delhi, DELHI, NATIONAL CAPITAL TERRITORY OF DELHI, 110051","Mar 24, 2025 - Perpetual",,
IN/AIF2/26-27/2216,Registered Alternative Investment Funds,Acquitas Investment Fund,jitu@acquitas.in,,"819, Naurang House, 21 K.G. Marg,, NEW DELHI, NATIONAL CAPITAL TERRITORY OF DELHI, 110001","Jun 11, 2026 - Perpetual",,
IN/AIF3/26-27/2213,Registered Alternative Investment Funds,ACROBAT CAPITAL FUND 2 - LVF,vaibhav@acrobatcapital.in,,"9th Floor, Unit No. 902 and 903, Campus 31, RMZ Ecoworld, Bhoganahalli Village, Varthur Hobli, Bellandur, Bellandur Police Station, Bangalore South, BANGALORE, KARNATAKA, 560103","Jun 10, 2026 - Perpetual",,
IN/AIF2/25-26/1828,Registered Alternative Investment Funds,Acrobat Capital Fund I,vaibhav@acrobatcapital.in,,"9th Floor, Unit No. 902 and 903, Campus 31, RMZ Ecoworld, Sarjapur, Marathalli Outer Ring Road, Bhoganahalli Village, Varthur Hobli, Bengaluru East Taluk, BANGALORE, KARNATAKA, 560103","Jun 12, 2025 - Perpetual",,
IN/AIF2/25-26/1976,Registered Alternative Investment Funds,Activate Platform Fund,aakrit.vaish@gmail.com,,"107, Damji Shamji Udyog Bhavan, Veera Desai Road, Andheri W, MUMBAI, MAHARASHTRA, 400053","Dec 09, 2025 - Perpetual",,
IN/AIF2/16-17/0258,Registered Alternative Investment Funds,Adi Trust,compliance@trayi.vc,,,"Sep 06, 2016 - Perpetual",,
IN/AIF2/18-19/0591,Registered Alternative Investment Funds,Aditya Birla Special Situations Fund,,,"One Indiabulls Center, Tower 1, 16th Floor, , Jupiter Mills Compound, Senapati Bapat Marg, Elphinstone, MUMBAI, MAHARASHTRA, 400013","Oct 03, 2018 - Perpetual",,
IN/AIF3/17-18/0319,Registered Alternative Investment Funds,Aditya Birla Sun Life AIF Trust   I,parth.makwana@adityabirlacapital.com,,"One Indiabulls centre, tower 1, 17th floor, , Jupiter mill compound, 841 SB Marg, Elphinstone road, MUMBAI, MAHARASHTRA, 400013","Apr 11, 2017 - Perpetual",,
:,Registered Venture Capital Funds,,,,,,,
IN/VCF/10-11/0116,Registered Venture Capital Funds,ABOYNE INDIA TRUST,,,"C/o IL&FS Trust Company Ltd , IL&FS Financial Centre, Plot C-22, G Block, Bandra-Kurla Complex, Bandra (E, MUMBAI, MAHARASHTRA, 400051","Nov 10, 2009 - Perpetual",,
IN/VCF/10-11/0203,Registered Venture Capital Funds,ACCESS INDIA FUND,,,"801, ABHIJEET MITHAKALI,, SIX RASTA,, AHMEDABAD, GUJARAT, 380009","Mar 08, 2011 - Perpetual",,
IN/VCF/06-07/95,Registered Venture Capital Funds,ADHARSHILA VENTURE CAPITAL FUND,,,,"Jan 16, 2007 - Perpetual",,
IN/VCF/08-09/138,Registered Venture Capital Funds,ADITYA BIRLA PRIVATE EQUITY TRUST,,,,"Dec 24, 2008 - Perpetual",,
IN/VCF/09-10/169,Registered Venture Capital Funds,ADITYA BIRLA REAL ESTATE FUND,,,"C/o IL&FS Trsut Company Limited, IL&FS Financial Centre, Plot C-22, G Block, Bandra-Kurla Complex, Bandra (East), Mumbai, MUMBAI, MAHARASHTRA, 400051","Feb 26, 2010 - Perpetual",,
IN/VCF/08-09/125,Registered Venture Capital Funds,AKRUTI CITY VENTURE CAPITAL FUND,,,"Akruti Trade Centre, Road No. 7, , Marol MIDC, MUMBAI, MAHARASHTRA, 400093","Jul 10, 2008 - Perpetual",,
IN/VCF/05-06/064,Registered Venture Capital Funds,ANAND RATHI REALTY FUND,,,,"Jun 23, 2005 - Perpetual",,
IN/VC/98-99/008,Registered Venture Capital Funds,APIDC,,,,"Nov 20, 1998 - Perpetual",,
IN/VCF/11-12/0213,Registered Venture Capital Funds,ASIA PACIFIC HEALTHCARE ADVISORS PRIVATE LIMITED,,,"3, FACTORY ROAD, NEW DELHI, NATIONAL CAPITAL TERRITORY OF DELHI, 110029","Jun 23, 2011 - Perpetual",,
IN/VCF/11-12/0228,Registered Venture Capital Funds,ASK PRAVI PRIVATE EQUITY OPPORTUNITIES FUND,,,"C/o IL&FS Trust Company Ltd IL&FS Financial Centre, ,     Plot C-22, G Block,     Bandra-Kurla Complex,     Bandra (East), Mumbai, MUMBAI, MAHARASHTRA, 400051","Feb 02, 2012 - Perpetual",,
IN/VCF/05-06/076,Registered Venture Capital Funds,AUREOS INDIA FUND,,,,"Feb 01, 2006 - Perpetual",,
IN/VCF/09-10/154,Registered Venture Capital Funds,AVENDUS ACE FUND TRUST,,,,"Oct 26, 2009 - Perpetual",,
IN/VCF/05-06/085,Registered Venture Capital Funds,BTS INDIA PRIVATE EQUITY FUND LIMITED,,,"C/o International Management (Mauritius) Ltd, Les Cascades, Edith Cavell Street, NA","Mar 31, 2006 - Perpetual",,
IN/VCF/08-09/134,Registered Venture Capital Funds,Business Excellence Trust,,,"2ND FLOOR, PALM SPRING CENTRE, PALM COURT COMPLEX, NEW LINK ROAD, MALAD WEST, MUMBAI, MAHARASHTRA, 400064","Oct 08, 2008 - Perpetual",,
IN/VCF/10-11/175,Registered Venture Capital Funds,Business Excellence Trust II,,,"2ND FLOOR, PALM SPRING CENTRE, PALM COURT COMPLEX, NEW LINK ROAD, MALAD (WEST), MUMBAI, MAHARASHTRA, 400021","May 31, 2010 - Perpetual",,
IN/VCF/08-09/127,Registered Venture Capital Funds,BYTS GROWTH FUND,,,,"Jul 25, 2008 - Perpetual",,
IN/VCF/10-11/0110,Registered Venture Capital Funds,CHEEKOTEL PRIVATE LIMITED,,,"noida special economic zone, plot 8, NOIDA, UTTAR PRADESH, 201305","Sep 22, 2009 - Perpetual",,
IN/VCF/09-10/152,Registered Venture Capital Funds,CHEEKOTEL PRIVATE LIMITED,,,"noida special economic zone, plot 8, NOIDA, UTTAR PRADESH, 201305","Sep 22, 2009 - Perpetual",,
IN/VCF/05-06/075,Registered Venture Capital Funds,CIG REALTY FUND,,,"C/o D.M. Harish & Co., 305-309, Neelkanth, 98 Marine Drive, MUMBAI, MAHARASHTRA, 400002","Jan 04, 2017 - Perpetual",,
IN/VCF/08-09/117,Registered Venture Capital Funds,CINEMA CAPITAL VENTURE FUND,,,,"May 22, 2008 - Perpetual",,
IN/VCF/11-12/0225,Registered Venture Capital Funds,DHFL VENTURE CAPITAL TRUST,,,"C/o IL&FS Trust Company Ltd IL&FS Financial Centre, , Plot C-22, G Block, Bandra-Kurla Complex, Bandra (East),, MUMBAI, MAHARASHTRA, 400051","Nov 09, 2011 - Perpetual",,
IN/VCF/05-06/069,Registered Venture Capital Funds,DHFL VETURE CAPITAL FUND,,,"4th floor, Dheeraj Arma,, Dr. Anant Kanekar Marg, Bandra(E),, MUMBAI, MAHARASHTRA, 400051","Oct 01, 2005 - Perpetual",,
IN/VC/00-01/031,Registered Venture Capital Funds,Dunn Carr Management and Research India Private Limited,,,,"Jan 11, 2000 - Perpetual",,
IN/VCF/00-01/028,Registered Venture Capital Funds,Eco-Net Fund,,,,"Oct 13, 2000 - Perpetual",,
IN/VCF/10-11/173,Registered Venture Capital Funds,EMERGING INDIA FUND,,,"Asian Building, 17 Kamani Marg, Ballard Estate, Mumbai, MUMBAI, MAHARASHTRA, 400001","May 18, 2010 - Perpetual",,
IN/VCF/02-03/040,Registered Venture Capital Funds,Emerging Sectors Trust,,,,"Aug 29, 2002 - Perpetual",,
IN/VCF/10-11/0186,Registered Venture Capital Funds,ENAM INDIA INFRASTRUCTURE FUND,,,"Express Towers, 11th Floor,, Nariman Point,, MUMBAI, MAHARASHTRA, 400021","Sep 06, 2010 - Perpetual",,
IN/VCF/04-05/054,Registered Venture Capital Funds,EUREKA VENTURE FUND,,,,"Feb 14, 2005 - Perpetual",,
IN/VCF/10-11/0195,Registered Venture Capital Funds,FAERING CAPITAL INDIA EVOLVING FUND,,,"1004, CEEJAY HOUSE, CEEJAY HOUSE, DR ANNIE BESANT ROAD, WORLI, MUMBAI, MAHARASHTRA, 400018","Nov 23, 2010 - Perpetual",,
IN/VCF/08-09/135,Registered Venture Capital Funds,FELICITAS VENTURE CAPITAL TRUST,,,,"Oct 17, 2008 - Perpetual",,
IN/VCF/04-05/049,Registered Venture Capital Funds,FIRE CAPITAL FUND,,,,"Jul 19, 2004 - Perpetual",,
IN/VCF/08-09/132,Registered Venture Capital Funds,Forum Synergies India Trust,,,,"Sep 30, 2008 - Perpetual",,
IN/VCF/07-08/105,Registered Venture Capital Funds,GAJA CAPITAL INDIA FUND I,,,,"Oct 30, 2007 - Perpetual",,
IN/VCF/08-09/121,Registered Venture Capital Funds,GREEN INDIA VENTURE FUND,,,,"Jun 27, 2008 - Perpetual",,
IN/VCF/07-08/099,Registered Venture Capital Funds,GROWTH PLUS REAL ESTATE FUND,,,,"Jun 12, 2007 - Perpetual",,
IN/VCF/05-06/056,Registered Venture Capital Funds,GUJARAT BIOTECHNOLOGY VENTURE FUND,,,,"Apr 08, 2005 - Perpetual",,
IN/VC/00-01/023,Registered Venture Capital Funds,GUJARAT INFORMATION TECHNOLOGY FUND,,,"GVFL Limited, 1st Floor, Premchand House Annexe, Bh. Popular House, Ashram Road, AHMEDABAD, GUJARAT, 380009","Jun 26, 2000 - Perpetual",,
IN/VC/99-00/018,Registered Venture Capital Funds,Gujarat VCF - 1990,,,,"Nov 03, 1999 - Perpetual",,
IN/VC/96-97/001,Registered Venture Capital Funds,GUJARAT VENTURE CAPITAL FUND 1995,,,"1st Floor, Premchand House Annexe, Bh Popular House, Ashram Road, AHMEDABAD, GUJARAT, 380009","Mar 21, 1997 - Perpetual",,
IN/VCF/07-08/098,Registered Venture Capital Funds,GVFL VENTURE CAPITAL FUND,,,"1st Floor, Premchand House, Bh Popular House, Ashram Road, AHMEDABAD, GUJARAT, 380009","Jun 07, 2007 - Perpetual",,
IN/VCF/04-05/053,Registered Venture Capital Funds,HDFC Property Fund,,,"HDFC Propoerty Fund, Ramon House, 2nd floor, HT Parikh Marg, Churchgate, MUMBAI, MAHARASHTRA, 400020","Dec 21, 2004 - Perpetual",,
IN/VC/00-01/033,Registered Venture Capital Funds,HIVE FUND,,,,"Jan 22, 2001 - Perpetual",,
IN/VCF/09-10/156,Registered Venture Capital Funds,I3E TRUST,,,"CIIE Building, New Campus, IIM Ahmedabad, Vastrapur, AHMEDABAD, GUJARAT, 380015","Oct 28, 2009 - Perpetual",,
IN/VCF/05-06/061,Registered Venture Capital Funds,IDFC INFRASTRUCTURE FUND 2,,,"201, NAMAN CHAMBERS, C-32, G BLOCK, BANDRA KURLA COMPLEX, BANDRA (EAST), MUMBAI, MUMBAI, MAHARASHTRA, 400051","Jun 15, 2005 - Perpetual",,
IN/VCF/11-12/0208,Registered Venture Capital Funds,IDFC S.P.I.C.E. FUND,,,"Asian Building, Ground Floor, , 17, R. Kamani Marg, Ballard Estate, MUMBAI, MAHARASHTRA, 400001","May 16, 2011 - Perpetual",,
IN/VCF/09-10/147,Registered Venture Capital Funds,IL&FS ORIX Trust,,,,"Jul 21, 2009 - Perpetual",,
IN/VCF/04-05/050,Registered Venture Capital Funds,IL&FS PRIVATE EQUITY TRUST,,,,"Jul 27, 2004 - Perpetual",,
IN/VC/00-01/030,Registered Venture Capital Funds,ILABS VENTURE CAPITAL FUND,,,,"Jan 11, 2001 - Perpetual",,
IN/VCF/02-03/043,Registered Venture Capital Funds,India Advantage Fund I,,,,"Jan 20, 2002 - Perpetual",,
IN/VCF/05-06/060,Registered Venture Capital Funds,India Advantage Fund III,,,"Stanrose House, Prabhadevi, APPASAHEB MARATHE MARG, MUMBAI, MAHARASHTRA, 400025","Jun 06, 2005 - Perpetual",,
IN/VCF/05-06/067,Registered Venture Capital Funds,India Advantage Fund IV,,,,"Aug 11, 2005 - Perpetual",,
IN/VCF/07-08/113,Registered Venture Capital Funds,INDIA ADVANTAGE FUND Series 3I,,,,"Mar 19, 2008 - Perpetual",,
IN/VCF/05-06/071,Registered Venture Capital Funds,INDIA ADVANTAGE FUND V,,,,"Oct 21, 2005 - Perpetual",,
IN/VCF/11-12/0230,Registered Venture Capital Funds,INDIA ALPHA TRUST,,,"C/o Mr. Rahul Gupta, 42, Sector 21B,, FARIDABAD, HARYANA, 121001","Mar 07, 2012 - Perpetual",,
IN/VCF/10-11/172,Registered Venture Capital Funds,INDIA ALTERNATIVES PRIVATE EQUITY FUND,,,"Office number 301-302, 36,Turner Road, Bandra (west), MUMBAI, MAHARASHTRA, 400050","Apr 19, 2010 - Perpetual",,
IN/VCF/10-11/0112,Registered Venture Capital Funds,INDIA DEVELOPMENT AND CONSTRUCTION FUND,,,"4-4A, 4th FLOOR, GLOBAL FOYER , SECTOR 43, GURGAON, HARYANA, 122009","May 18, 2010 - Perpetual",,
IN/VCF/10-11/0199,Registered Venture Capital Funds,INDIA EDUCATION FUND,,,"B-88, 1st Floor, Defence Colony, NEW DELHI, NATIONAL CAPITAL TERRITORY OF DELHI, 110024","Dec 24, 2010 - Perpetual",,
IN/VCF/10-11/0102,Registered Venture Capital Funds,INDIA INFRASTRUCTURE DEVELOPMENT FUND,,,"UTI Asset Management Co. Ltd., UTI Tower 1st Floor, 'Gn' Block, , Bandra Kurla Complex, Bandra (E), Mumbai, MUMBAI, MAHARASHTRA, 400051","Mar 29, 2010 - Perpetual",,
IN/VCF/07-08/112,Registered Venture Capital Funds,India Infrastructure Fund,,,,"Mar 07, 2008 - Perpetual",,
IN/VCF/09-10/142,Registered Venture Capital Funds,INDIA INNOVATION FUND,,,"A-268, 1st Floor Bhisham Pitamah Road, Defence Colony, NEW DELHI, NATIONAL CAPITAL TERRITORY OF DELHI, 110024","Apr 21, 2009 - Perpetual",,
IN/VCF/10-11/0188,Registered Venture Capital Funds,INDIA PLUS TRUST,,,"The IL&FS Financial Centre, Plot C-22, G Block, Bandra Kurla Complex, Bandra (East), MUMBAI, MAHARASHTRA, 400051","Sep 07, 2010 - Perpetual",,
IN/VCF/05-06/059,Registered Venture Capital Funds,INDIA PROPERTY FUND,,,,"May 31, 2005 - Perpetual",,
IN/VCF/10-11/0184,Registered Venture Capital Funds,INDIA REALTY FUND 1,,,"Ground Floor, Asian Building , 17 R, Kamani Marg, Ballard Estate, MUMBAI, MAHARASHTRA, 400001","Jul 26, 2010 - Perpetual",,
IN/VCF/05-06/073,Registered Venture Capital Funds,India Realty Venture capital Fund,,,,"Nov 07, 2005 - Perpetual",,
IN/VCF/07-08/104,Registered Venture Capital Funds,INDIA RIZING FUND,,,"Tower 1 2902 Planet Godrej, Mahalaxmi, MUMBAI, MAHARASHTRA, 400011","Sep 06, 2007 - Perpetual",,
IN/VCF/09-10/162,Registered Venture Capital Funds,INDIA VALUE FUND IV,,,"9/2,GROUND FLOOR,ROCKLINES HOUSE, MUSEUM ROAD,BANGALORE, BANGALORE, KARNATAKA, 560001","Nov 16, 2009 - Perpetual",,
IN/VCF/05-06/070,Registered Venture Capital Funds,INDIAREIT FUND,,,,"Oct 17, 2005 - Perpetual",,
IN/VCF/08-09/124,Registered Venture Capital Funds,INDIAVENTURE TRUST,,,"The IL & FS Centre, Plot C-22, G-Block, Bandra Kurla Complex, Bandra East, MUMBAI, MAHARASHTRA, 400051","Jul 02, 2008 - Perpetual",,
IN/VC/97-98/004,Registered Venture Capital Funds,Industrial Venture Capital Limited,,,,"Jan 15, 1998 - Perpetual",,
IN/VCF/08-09/118,Registered Venture Capital Funds,INVESTCORP INFRASTRUCTURE FUND 1,,,"201 NAMAN CHAMBERS, C-32, G BLOCK, BANDRA KURLA COMPLEX, BANDRA (EAST), MUMBAI, MAHARASHTRA, 400051","May 28, 2008 - Perpetual",,
IN/VCF/09-10/0101,Registered Venture Capital Funds,IPRO CAPITAL PRIVATE EQUITY TRUST,,,"9/1 R.N.Mukherjee Road (2nd Floor), KOLKATA, WEST BENGAL, 700001","Mar 10, 2010 - Perpetual",,
IN/VCF/06-07/092,Registered Venture Capital Funds,JM FINANCIAL INDIA FUND,,,"141, Maker Chambers III, Nariman Point, MUMBAI, MAHARASHTRA, 400021","Oct 12, 2006 - Perpetual",,
IN/VCF/06-07/094,Registered Venture Capital Funds,JM FINANCIAL PROPERTY FUND,,,"141, Maker Chambers III, Nariman Point, MUMBAI, MAHARASHTRA, 400021","Jan 12, 2007 - Perpetual",,
IN/VCF/11-12/0217,Registered Venture Capital Funds,KAE CAPITAL FUND,,,"802, Maker Chamber V, Nariman Point, MUMBAI, MAHARASHTRA, 400021","Jul 27, 2011 - Perpetual",,
IN/VCF/10-11/0118,Registered Venture Capital Funds,KAIZEN TRUST,,,"52, NEW DELHI, NATIONAL CAPITAL TERRITORY OF DELHI, 110048","Sep 09, 2009 - Perpetual",,
:,Registered Mutual Funds,,,,,,,
MF/067/11/02,Registered Mutual Funds,360 ONE Mutual Fund,,,"360 One Centre, Kamala City, Senapati Bapat Marg, Lower Parel, Mumbai, MAHARASHTRA, 400013","Mar 23, 2011 - Perpetual",,
MF/088/25/14,Registered Mutual Funds,Abakkus Mutual Fund,,,"Abakkus Corporate Center, 6th Floor, Param House, Shanti Nagar, Off Santacruz Chembur Link Road, Santacruz East, MUMBAI, MAHARASHTRA, 400055","Aug 29, 2025 - Perpetual",,
MF/020/94/8,Registered Mutual Funds,ADITYA BIRLA SUN LIFE MF,,,"One Indiabulls Centre, Tower 1, 17th Floor, Jupiter Mill Compound, 841, , Senapati Bapat Marg, Elphinstone Road, MUMBAI, MAHARASHTRA, 400013","Dec 23, 1994 - Perpetual",,
MF/090/26/16,Registered Mutual Funds,AlphaGrep Mutual Fund,,,"1408, 14th Floor, Parinee Crescenzo, E, G Block, BKC, Bandra East, MUMBAI, MAHARASHTRA, 400051","Mar 11, 2026 - Perpetual",,
MF/083/24/09,Registered Mutual Funds,Angel One Mutual Fund,,,"G-1, Ground floor, Ackruti Trade Centre, Road no. 7, Kondivita, MIDC, Andheri East, Mumbai, MUMBAI, MAHARASHTRA, 400093","Nov 25, 2024 - Perpetual",,
MF/089/26/15,Registered Mutual Funds,ASK Mutual Fund,,,"Birla Aurora, 16 Level office, Floor 9, Dr. Annie Besant Road, Century Mill, MUMBAI, MAHARASHTRA, 400030","Feb 16, 2026 - Perpetual",,
MF/061/09/02,Registered Mutual Funds,AXIS MF,,,"One Lodha Place, 22 & 23 Floor, Senapati Bapat Marg,Lower Parel, MUMBAI, MAHARASHTRA, 400013","Dec 04, 2009 - Perpetual",,
MF/078/23/04,Registered Mutual Funds,BAJAJ FINSERV MUTUAL FUND,,,"1101A and 1101B, 11th Floor, Sky One Corporate Park, Tower 1, Pune, Survey No. 239/2, Sunset Blvd MHADA Colony, Lohegaon, Pune 411032, PUNE, MAHARASHTRA, 411032","Feb 28, 2023 - Perpetual",,
MF/042/00/3,Registered Mutual Funds,Bandhan Mutual Fund,,,"6th Floor, One World Center, Jupiter Mills Compound, 841,, Senapati Bapat Marg, Elphinstone Road (West), MUMBAI, MAHARASHTRA, 400013","Mar 13, 2000 - Perpetual",,
MF/056/08/01,Registered Mutual Funds,Bank of India Mutual Fund,,,"B/204, Tower 1, Peninsula Corporate Park, Ganpatrao Kadam Marg,  , Lower Parel, Mumbai 400013, MUMBAI, MAHARASHTRA, 400013","Mar 31, 2008 - Perpetual",,
MF/018/94/2,Registered Mutual Funds,Baroda BNP Paribas Mutual Fund,,,"201(A) 2nd Floor, A wing, Crescenzo, C-38 & 39, G Block,, Bandra-Kurla Complex, MUMBAI, MAHARASHTRA, 400051","Nov 21, 1994 - Perpetual",,
MF/004/93/4,Registered Mutual Funds,CANARA ROBECO MF,,,"Construction House, 4th Floor,","Oct 19, 1993 - Perpetual",,
MF/084/25/10,Registered Mutual Funds,Capitalmind Mutual Fund,,,"2323 Prakash Arcade 1st Floor, 17th Cross HSR Layout Sector 1, BANGALORE, KARNATAKA, 560102","Apr 11, 2025 - Perpetual",,
MF/094/26/20,Registered Mutual Funds,Carnelian Asset Management and Advisors Private Limited,,,"1212 LODHA ONE, SENAPATI BAPAT MARK LOWER PAREL DELISLE ROAD, MUMBAI, MAHARASHTRA, 400013","Jul 20, 2026 - Perpetual",,
MF/087/25/13,Registered Mutual Funds,Choice Mutual Fund,,,"Sunil Patodia Tower, MUMBAI, MAHARASHTRA, 400099","Aug 01, 2025 - Perpetual",,
MF/008/93/5,Registered Mutual Funds,CRB MF,,,"Daruwala Mansion, 3rd Floor, , 90 Chandanwadi Cross Lane,, MUMBAI, MAHARASHTRA, 400020","Dec 17, 1993 - Perpetual",,
MF/036/97/7,Registered Mutual Funds,DSP MF,,,"The Ruby, 25th Floor, 29,, Senapati Bapat Marg, Dadar (West),, MUMBAI, MAHARASHTRA, 400028","Jan 30, 1997 - Perpetual",,
MF/057/08/02,Registered Mutual Funds,EDELWEISS MF,,,"Tower 3, Wing B, Ground Floor, Kohinoor City Mall, , Kohinoor City, Kirol Road, Kurla(W), MUMBAI, MAHARASHTRA, 400070","Apr 30, 2008 - Perpetual",,
MF/026/96/8,Registered Mutual Funds,FRANKLIN TEMPLETON MF,,,"One international Centre, Tower 2, 12th and 13th Floor, Senapati Bapat Marg,, Elphinstone Road (West), MUMBAI - ., MUMBAI, MAHARASHTRA, 400013","Feb 19, 1996 - Perpetual",,
MF/068/11/03,Registered Mutual Funds,Groww Mutual Fund,,,"1202A - 12A Floor, One World Centre, Lower Parel, MUMBAI, MAHARASHTRA, 400013","Mar 24, 2011 - Perpetual",,
MF/044/00/6,Registered Mutual Funds,HDFC MF,,,"HDFC HOUSE, 2ND FLOOR, H.T. PAREKH MARG, 165-166, , BACKBAY RECLAMATION, CHURCHGATE, MUMBAI, MAHARASHTRA, 400020","Jun 30, 2000 - Perpetual",,
MF/079/23/05,Registered Mutual Funds,Helios Mutual Fund,,,"502, 5th Floor, The Capital, Plot C70, Bandra Kurla Complex, Bandra East, MUMBAI, MAHARASHTRA, 400051","Aug 10, 2023 - Perpetual",,
MF/046/02/5,Registered Mutual Funds,HSBC MF,,,"3rd Floor, Mercantile Bank Chamber, , 16 Veer Nariman Road, Fort, MUMBAI, MAHARASHTRA, 400001","May 27, 2002 - Perpetual",,
MF/003/93/6,Registered Mutual Funds,ICICI PRUDENTIAL MF,,,"12th Floor, Narain Manzil 23,, Barakhamba Road, DELHI, NATIONAL CAPITAL TERRITORY OF DELHI, 110001","Oct 13, 1993 - Perpetual",,
MF/064/10/01,Registered Mutual Funds,IDBI MUTUAL FUND,,,"IDBI Tower, WTC Complex,, Cuffe Parade,, MUMBAI, MAHARASHTRA, 400005","Mar 29, 2010 - Perpetual",,
MF/071/13/01,Registered Mutual Funds,IIFCL MF (IDF),,,"5th Floor, Block-2, Plate-A, NBCC Towers, East Kidwai Nagar, NEW DELHI, NATIONAL CAPITAL TERRITORY OF DELHI, 110023","Jan 24, 2013 - Perpetual",,
MF/072/13/02,Registered Mutual Funds,IL&FS IDF MF,,,"IL&FS Infra Asset Management Limited, MUMBAI, MAHARASHTRA, 400051","Feb 01, 2013 - Perpetual",,
MF/052/06/01,Registered Mutual Funds,Invesco Mutual Fund,,,"2101-A, 21st Floor, , Marathon Futurex, Lower Parel, MUMBAI, MAHARASHTRA, 400013","Jul 24, 2006 - Perpetual",,
MF/073/18/01,Registered Mutual Funds,ITI Mutual Fund,,,"ITI House, Building no. 36,, Dr. R. K. Shirodkar Marg, Parel,, MUMBAI, MAHARASHTRA, 400012","May 14, 2018 - Perpetual",,
MF/085/25/11,Registered Mutual Funds,Jio BlackRock Mutual Fund,,,"Unit No. 1301, 13th Floor, Altimus Building,, Plot No. 130, Worli Estate, Pandurang Budhkar Marg, Worli, MUMBAI, MAHARASHTRA, 400018","May 26, 2025 - Perpetual",,
MF/015/94/8,Registered Mutual Funds,JM FINANCIAL MF,,,"7th Floor, Cnergy, Appasaheb Marathe Marg, , Prabhadevi, Mumbai -, MUMBAI, MAHARASHTRA, 400025","Sep 15, 1994 - Perpetual",,
MF/038/98/1,Registered Mutual Funds,Kotak Mutual Fund,,,"27 BKC, C-27, G Block,, Bandra Kurla Complex, Bandra (E), Mumbai, MUMBAI, MAHARASHTRA, 400051","Jun 23, 1998 - Perpetual",,
MF/012/94/5,Registered Mutual Funds,LIC MF,,,"Industrial Assurance Building, 4th Floor, , Opposite Churchgate Station., MUMBAI, MAHARASHTRA, 400020","May 09, 1994 - Perpetual",,
MF/069/16/01,Registered Mutual Funds,Mahindra Manulife Mutual Fund,,,"Unit No. 204, 2nd Floor,Amiti Building,C Wing, Piramal Agastya Corporate Park, LBS Road, Kamani Junction,Near Phoenix Marketcity Mall, Kurla (West), MUMBAI, MAHARASHTRA, 400070","Feb 03, 2016 - Perpetual",,
MF/055/07/03,Registered Mutual Funds,MIRAE ASSET MF,,,"606,6TH FLOOR, WINDSOR BUILDING , , SANTACRUZ (E),, MUMBAI, MAHARASHTRA, 400098","Feb 20, 2008 - Perpetual",,
MF/092/26/18,Registered Mutual Funds,Monarch Networth Capital Limited,,,"804, Naman Centre, 8th Floor, G Block,, Plot No. C-31 & C-32, Bandra Kurla Complex, Bandra East,, MUMBAI, MAHARASHTRA, 400051","Apr 01, 2026 - Perpetual",,
MF/063/09/04,Registered Mutual Funds,MOTILAL OSWAL MF,,,"10th Floor, Motilal Oswal Tower, Rahimtullah Sayani Road, , Opposite Parel ST Depot, Prabhadevi, MUMBAI, MAHARASHTRA, 400025","Dec 29, 2009 - Perpetual",,
MF/076/21/02,Registered Mutual Funds,N J Mutual Fund,,,"Unit No. 101A, 1st Floor, Hallmark Business Plaza, Bandra (East), MUMBAI, MAHARASHTRA, 400051","Apr 30, 2021 - Perpetual",,
MF/062/09/03,Registered Mutual Funds,NAVI MUTUAL FUND,,,"Vaishnavi Tech Square, 7th Floor, Iballur Village,, Begur, Hobli, Bengaluru, Karnataka, BANGALORE, KARNATAKA, 560102","Dec 04, 2009 - Perpetual",,
MF/022/95/1,Registered Mutual Funds,Nippon India Mutual Fund,,,"30th Floor, One Lodha Place, Senapati Bapat Marg,, Lower Parel, Mumbai - 400013., MUMBAI, MAHARASHTRA, 400013","Jun 30, 1995 - Perpetual",,
MF/093/26/19,Registered Mutual Funds,Nuvama Mutual Fund,,,"801 804, Wing A, Building No. 3, Inspire BKC, G Block, Bandra Kurla Complex, Bandra East, Mumbai, MUMBAI, MAHARASHTRA, 400051","Jun 08, 2026 - Perpetual",,
MF/081/23/07,Registered Mutual Funds,Old Bridge Mutual Fund,,,"C 1705 One BKC, G Block Bandra Kurla Complex, MUMBAI, MAHARASHTRA, 400051","Sep 01, 2023 - Perpetual",,
MF/065/10/02,Registered Mutual Funds,PGIM INDIA MUTUAL FUND,,,"4th Floor, C Wing,  Laxmi Towers, Bandra Kurla Complex,, Bandra (East), MUMBAI, MAHARASHTRA, 400051","May 13, 2010 - Perpetual",,
MF/069/12/01,Registered Mutual Funds,PPFAS MF,,,"81/82, 8th Floor, Sakhar Bhavan, Ramanth Goenka Marg, 230, , Nariman Point, Mumbai - 400 021, MUMBAI, MAHARASHTRA, 400001","Oct 11, 2012 - Perpetual",,
MF/028/96/4,Registered Mutual Funds,Quant Mutual Fund,,,"Premises No. 2/90, Block-P,, Connaught Circus, DELHI, NATIONAL CAPITAL TERRITORY OF DELHI, 110001","Jul 03, 1996 - Perpetual",,
MF/051/05/02,Registered Mutual Funds,QUANTUM MF,,,"1st Floor, Apeejay House, 3 Dinshaw Vachha Road, Backbay Reclamation,, Churchgate,, MUMBAI, MAHARASHTRA, 400020","Dec 02, 2005 - Perpetual",,
MF/077/21/03,Registered Mutual Funds,SAMCO MUTUAL FUND,,,"1003 A Wing 10th Floor Naman Midtown, Senapati Bapat Marg, MUMBAI, MAHARASHTRA, 400013","Jul 30, 2021 - Perpetual",,
MF/009/93/3,Registered Mutual Funds,SBI MF,,,"9th Floor, Crescenzo, C - 38 & 39, G Block,  , Bandra Kurla Complex, Bandra (East), Mumbai -, MUMBAI, MAHARASHTRA, 400051","Dec 23, 1993 - Perpetual",,
MF/017/94/4,Registered Mutual Funds,SHRIRAM MF,,,"Wockhardt Towers, 2nd Floor, East Wing, C-2, G Block,,  Bandra Kurla Complex, Bandra(East), MUMBAI, MAHARASHTRA, 400051","Nov 21, 1994 - Perpetual",,
MF/034/97/2,Registered Mutual Funds,SUNDARAM MF,,,"21, Patullos Road, CHENNAI, TAMIL NADU, 600002","Jan 03, 1997 - Perpetual",,
MF/023/95/9,Registered Mutual Funds,Tata Mutual Fund,,,"1903, B Wing,, Parinee Crescenzo, G Block, BKC,, MUMBAI, MAHARASHTRA, 400051","Jun 30, 1995 - Perpetual",,
MF/002/93/,Registered Mutual Funds,TAURUS MF,,,"Office No. 401, 402, 4th Floor,, Jaisingh Business Centre, Sahar Road, Andheri East, MUMBAI, MAHARASHTRA, 400099","Sep 21, 1993 - Perpetual",,
MF/086/25/12,Registered Mutual Funds,The Wealth Company Mutual Fund,,,"Pantomath Nucleus House,Saki Vihar Road, Andheri East, Mumbai, MUMBAI, MAHARASHTRA, 400072","Jul 18, 2025 - Perpetual",,
MF/075/19/01,Registered Mutual Funds,TRUST MUTUAL FUND,,,"101, 1st Floor, Naman Corporate Link Centre, G-Block,, Bandra Kurla Complex, Bandra East, MUMBAI, MAHARASHTRA, 400051","Oct 07, 2019 - Perpetual",,
MF/082/24/08,Registered Mutual Funds,Unifi Mutual Fund,,,"11, Kakani Towers, 3rd Floor,, 15, Khader Nawaz Khan Road,, CHENNAI, TAMIL NADU, 600006","Nov 13, 2024 - Perpetual",,
MF/066/11/01,Registered Mutual Funds,Union Mutual Fund,,,"Unit 503, 5th Floor, Leela Business Park,, Andheri Kurla Road, Andheri (East), MUMBAI, MAHARASHTRA, 400059","Nov 08, 2016 - Perpetual",,
MF/048/03/01,Registered Mutual Funds,UTI  MF,,,"UTI TOWER, GN BLOCK, BANDRA KURLA COMPLEX, , BANDRA (EAST), MUMBAI, MAHARASHTRA, 400051","Jan 14, 2003 - Perpetual",,
MF/091/26/17,Registered Mutual Funds,WEALTH FIRST PORTFOLIO MANAGERS LIMITED,,,"F-31, 3rd Floor, Commerce House-4,, Sur No. 1319/1301/1, 100Ft Road, Anand Nagar Char Rasta, Anand Nagar, Jodhpur Char Rasta,, AHMEDABAD, GUJARAT, 380015","Mar 25, 2026 - Perpetual",,
MF/074/18/02,Registered Mutual Funds,WhiteOak Capital Mutual Fund,,,"Unit No.B4, 6th Floor, Cnergy, Appasaheb Marathe Marg, Prabhadevi, MUMBAI, MAHARASHTRA, 400025","Jul 03, 2018 - Perpetual",,
MF/080/23/06,Registered Mutual Funds,Zerodha Mutual Fund,,,"Indiqube Penta, New No. 51 (Old No.14), Richmond Road, BANGALORE, KARNATAKA, 560025","Aug 11, 2023 - Perpetual",,
:,Registered Foreign Venture Capital Investors,,,,,,,
IN/FVCI/18-19/0466,Registered Foreign Venture Capital Investors,2589555 Ontario Limited,,,"5650 Yonge Street, Toronto, Ontario, M2M 4H5, 000000","Mar 07, 2019 - Perpetual",,
IN/FVCI/00-01/01,Registered Foreign Venture Capital Investors,2I CAPITAL PCC,,,,"Jan 10, 2001 - Perpetual",,
IN/FVCI/25-26/0596,Registered Foreign Venture Capital Investors,3one4 Capital Greenstage Fund,,,,"Dec 08, 2025 - Perpetual",,
IN/FVCF/11-12/0166,Registered Foreign Venture Capital Investors,ACCEL GROWTH FVCI (MAURITIUS) LTD,,,"Suites 340-345, Barkly Wharf, Le Caudan Waterfront, P.O. Box 1070, Port Louis","Apr 13, 2011 - Perpetual",,
IN/FVCF/15-16/0238,Registered Foreign Venture Capital Investors,ACCEL GROWTH III FVCI(MAURITIUS) LTD,,,"C/o International proximity, Ebene Esplanade, 24 Bank Street, CyberCity, Ebene","Aug 12, 2015 - Perpetual",,
IN/FVCF/13-14/0201,Registered Foreign Venture Capital Investors,ACCEL INDIA III (MAURITIUS) LIMITED,,,"608 St James Court, St Denis Street, Port Louis","Apr 12, 2013 - Perpetual",,
IN/FVCF/15-16/0246,Registered Foreign Venture Capital Investors,ACCEL INDIA IV (MAURITIUS) LIMITED,,,"5th Floor, Ebene Esplanade, 24 Bank Street, Cybercity, Ebene, 522333","Feb 17, 2016 - Perpetual",,
IN/FVCI/09-10/132,Registered Foreign Venture Capital Investors,ACCEL INDIA VENTURE II (MAURITIUS) LTD,,,"Fifth Floor, Ebene Esplanade,, 24 Cybercity, Ebene","May 18, 2009 - Perpetual",,
IN/FVCF/11-12/0174,Registered Foreign Venture Capital Investors,ACCEL X FVCI (MAURITIUS) LTD,,,"Suites 340-345, Barkly Wharf, Le Caudan Waterfront, P.O. Box 1070, Port Louis","Jul 11, 2011 - Perpetual",,
IN/FVCF/15-16/0237,Registered Foreign Venture Capital Investors,ACCEL XII FVCI (MAURITIUS) LTD,,,"C/o AAMIL (Mauritius) LtdSuites 340-345, Barkly Wharf, Le Caudan Waterfront, P.O. Box 1070, Port Louis","Aug 03, 2015 - Perpetual",,
IN/FVCI/18-19/0455,Registered Foreign Venture Capital Investors,Actis Greengen Limited,,,"co SGG CORPORATE SERVICES MAURITIUS LTD, 33, EDITH CAVELL STREET, PORT LOUIS, 11324","Nov 14, 2018 - Perpetual",,
IN/FVCF/10-11/0157,Registered Foreign Venture Capital Investors,ACTIS INFRASTRUCTURE INDIA PCC LIMITED,,,"C/o INTERNATIONAL MANAGEMENT (MAURITIUS) LIMITED, LES CASCADES, EDITH CAVELL STREET, PORT LOUIS","Sep 15, 2010 - Perpetual",,
IN/FVCI/07-08/81,Registered Foreign Venture Capital Investors,ADITI INVESTMENTS HOLDINGS LIMITED,,,,"Jun 01, 2007 - Perpetual",,
IN/FVCI/25-26/0599,Registered Foreign Venture Capital Investors,AG&P TERMINALS & LOGISTICS (SINGAPORE) PTE. LTD.,,,,"Feb 02, 2026 - Perpetual",,
IN/FVCI/23-24/0557,Registered Foreign Venture Capital Investors,Agility Fanar General Trading FZE,,,"B34B Location B34B S33O212WS12, Jebel Ali Free Zone, Dubai, PO Box 449713, 999999","Jan 10, 2024 - Perpetual",,
IN/FVCI/23-24/0536,Registered Foreign Venture Capital Investors,AGL Duo Investment I Pte Ltd,,,"10, Changi Business Park,, Central 2, 01-02,  Hansapoint, 486030","May 11, 2023 - Perpetual",,
IN/FVCI/08-09/124,Registered Foreign Venture Capital Investors,AIF III SUB PVT/ LTD (SPONSERED BY UTI),,,,"Feb 10, 2009 - Perpetual",,
IN/FVCF/10-11/0162,Registered Foreign Venture Capital Investors,AIRRO (MAURITIUS) HOLDINGS II,,,"TEMPLE COURT 2, LABOURDONNAIS STREET, PORT LOUIS","Dec 07, 2010 - Perpetual",,
IN/FVCI/19-20/0474,Registered Foreign Venture Capital Investors,Alpha Asia Holdings II Pte Ltd,,,"10 Changi Business Park Central 2, 05-01, Hansapoint@CBP, 486030","Jul 05, 2019 - Perpetual",,
IN/FVCI/05-06/19,Registered Foreign Venture Capital Investors,AMBADEVI MAURITIUS HOLDING LIMITED,,,,"Jul 01, 2005 - Perpetual",,
IN/FVCI/02-03/03,Registered Foreign Venture Capital Investors,AMERICORP VENTURES LIMITED,,,"10th Floor, Standard Chartered Tower,  19 Cybercity, Ebene, Mauritius, EBENE CYBERCITY, MAURITIUS, 400021","May 30, 2002 - Perpetual",,
IN/FVCI/20-21/0486,Registered Foreign Venture Capital Investors,AMP Capital Infrastructure Investment No. 2 S.a.r.l,,,"14 , rue Edward Steichen, 2540","Oct 07, 2020 - Perpetual",,
IN/FVCI/06-07/42,Registered Foreign Venture Capital Investors,AOC PARTNERS APGF,,,,"May 05, 2006 - Perpetual",,
IN/FVCI/03-04/08,Registered Foreign Venture Capital Investors,AOF HS MAURITIUS LTD,,,,"Aug 05, 2003 - Perpetual",,
IN/FVCI/18-19/0456,Registered Foreign Venture Capital Investors,APAC LNG INVESTMENTS PTE LTD,,,"OCBC Centre, 65 Chulia Street, 47 04, 049513","Nov 28, 2018 - Perpetual",,
IN/FVCF/12-13/0193,Registered Foreign Venture Capital Investors,APF II INDIA INVESTMENTS PRIVATE LIMITED,,,"C/o Apex Fund Services (Mauritius) Ltd, 4th Floor, Raffles Tower, 19 Cybercity, Ebene","Sep 13, 2012 - Perpetual",,
IN/FVCI/02-03/04,Registered Foreign Venture Capital Investors,AQUARIUS VENTURES PTE LTD,,,,"Jun 13, 2002 - Perpetual",,
IN/FVCI/06-07/57,Registered Foreign Venture Capital Investors,ARES INVESTMENTS,,,,"Nov 21, 2006 - Perpetual",,
IN/FVCF/10-11/0163,Registered Foreign Venture Capital Investors,ARGONAUT CAPITAL,,,"C/o International Financial Services Limited, IFS Court, TwentyEight, , Cybercity, Ebene,","Dec 08, 2010 - Perpetual",,
IN/FVCI/20-21/0483,Registered Foreign Venture Capital Investors,Arvon Investments Pte. Ltd.,,,"60B Orchard Road, 06-18 Tower 2, The Atrium Orchard, 238891","May 14, 2020 - Perpetual",,
IN/FVCI/04-05/13,Registered Foreign Venture Capital Investors,ASCENDAS PROPERTY FUND (INDIA) PTE LTD,,,,"Feb 24, 2005 - Perpetual",,
IN/FVCI/05-06/39,Registered Foreign Venture Capital Investors,ASHOKA INVESTMENT HOLDINGS LTD,,,,"Mar 29, 2006 - Perpetual",,
IN/FVCI/18-19/0468,Registered Foreign Venture Capital Investors,Asia Connectivity Pte Ltd,,,"65 Chulia Street, 47-04 OCBC Centre, 049513","Mar 19, 2019 - Perpetual",,
IN/FVCI/21-22/0511,Registered Foreign Venture Capital Investors,Asia Healthcare Holdings Pte. Ltd.,,,"83 Clemenceau Avenue,, 11 01 UE Square,, 239920","Oct 01, 2021 - Perpetual",,
IN/FVCF/10-11/0164,Registered Foreign Venture Capital Investors,ASTRO PROJECTS HOLDING LIMITED,,,"Astro Project Holdings Ltd, c/o Abax Corporate Services Ltd,, 6th Floor, Tower A, 1 CyberCity, Ebene","Mar 22, 2011 - Perpetual",,
IN/FVCI/07-08/80,Registered Foreign Venture Capital Investors,ATHENA INDIA OPPORTUNITIES,,,,"May 10, 2007 - Perpetual",,
IN/FVCI/25-26/0579,Registered Foreign Venture Capital Investors,AUGUST ENERGY APAC PTE. LTD.,,,,"Jun 19, 2025 - Perpetual",,
IN/FVCI/07-08/79,Registered Foreign Venture Capital Investors,AUREOS OFFSHORE INDIA OPPORTUNITIES FUND LLC,,,,"Apr 05, 2007 - Perpetual",,
IN/FVCI/05-06/37,Registered Foreign Venture Capital Investors,AUREOS SOUTH ASIA FUND LLC,,,,"Feb 22, 2006 - Perpetual",,
IN/FVCI/05-06/16,Registered Foreign Venture Capital Investors,AVLP ASIAN INVESTMENTS,,,,"Jun 08, 2005 - Perpetual",,
IN/FVCF/10-11/0156,Registered Foreign Venture Capital Investors,BAIN CAPITAL INDIA VENTURE CAPITAL INVESTMENTS,,,"C/o Citco (Mauritius) Limited, 9th Floor, Medine Mews,, La Chaussee Street, Port Louis","Aug 31, 2010 - Perpetual",,
IN/FVCI/06-07/69,Registered Foreign Venture Capital Investors,BARING PRIVATE EQUITY ASIA III MAURITIUS HOLDINGS (2) LIMITED,,,"608, ST JAMES COURT, ST DENIS STREET, PORT LOUIS","Feb 09, 2007 - Perpetual",,
IN/FVCI/06-07/74,Registered Foreign Venture Capital Investors,BATTERY VENTURE VII MAURITIUS,,,,"Mar 02, 2007 - Perpetual",,
IN/FVCI/25-26/0603,Registered Foreign Venture Capital Investors,BCP ASIA II TOPCO V PTE. LTD.,,,,"Feb 20, 2026 - Perpetual",,
IN/FVCF/13-14/0208,Registered Foreign Venture Capital Investors,BCP V SINGAPORE FVCI PTE. LTD.,,,"ONE MARINA BOULEVARD, #28-00, 018989","Sep 24, 2013 - Perpetual",,
IN/FVCI/07-08/87,Registered Foreign Venture Capital Investors,BEACON INDIA INVESTORS LTD/,,,,"Aug 23, 2007 - Perpetual",,
IN/FVCI/23-24/0537,Registered Foreign Venture Capital Investors,BECIS SEA Pte. Ltd,,,"82 Amoy Street, 02-00, 069901","May 11, 2023 - Perpetual",,
IN/FVCI/05-06/36,Registered Foreign Venture Capital Investors,BESSEMER VENTURE PARTNERS TRUST,,,,"Feb 20, 2006 - Perpetual",,
IN/FVCI/20-21/0492,Registered Foreign Venture Capital Investors,Beta Oryx Limited,,,"3408 34  Al Maqam, Abu Dhabi Global Market Al Maryah Island Abu Dhabi, 000000","Jan 13, 2021 - Perpetual",,
IN/FVCI/18-19/0471,Registered Foreign Venture Capital Investors,BIF III FVCI Holdings India I Pte Ltd,,,"Income at Raffles, 16 Collyer Quay, 24 01, 049318","Mar 27, 2019 - Perpetual",,
IN/FVCI/21-22/0503,Registered Foreign Venture Capital Investors,BIF IV Renewables FVCI Holdings DIFC Limited,,,"Unit 02 Level 16 ICD Brookfield Place, Dubai International Financial Centre, Dubai, 507234","Jun 17, 2021 - Perpetual",,
IN/FVCF/15-16/0245,Registered Foreign Venture Capital Investors,BLACK RIVER FOOD 2 PTE. LTD.,,,"Black River Food 2 Pte. Ltd., c/o Black River Asset Management (Asia) Pte.,, 300 Beach Road, #23-01 The Concourse,, 199555","Jan 18, 2016 - Perpetual",,
IN/FVCI/06-07/58,Registered Foreign Venture Capital Investors,BLACKSTONE FP CAPITAL PARTNERS(MAURITIUS) V LTD,,,,"Nov 26, 2006 - Perpetual",,
IN/FVCI/06-07/49,Registered Foreign Venture Capital Investors,BLACKSTONE GPV CAPITAL PARTNERS MAURITIUS V-C LTD,,,,"Jul 28, 2006 - Perpetual",,
IN/FVCI/23-24/0554,Registered Foreign Venture Capital Investors,BLUE LEAF ENERGY INDIA INVESTMENTS PTE. LTD.,,,"3 ANSON ROAD 07 01 SPRINGLEAF TOWER, SINGAPORE, 079909","Dec 01, 2023 - Perpetual",,
IN/FVCI/24-25/0567,Registered Foreign Venture Capital Investors,BRE Asia III India Holdings Limited,,,"Level 6 Tower A , 1 Exchange Square, 72201","Oct 05, 2024 - Perpetual",,
IN/FVCI/18-19/0444,Registered Foreign Venture Capital Investors,BRE Asia Urban Holdings Ltd,,,"C o Abax Corporate Services Limited, 6th floor, Tower A, 1 Cyber City, Ebene, Republic of Mauritius, 522333","Jul 30, 2018 - Perpetual",,
IN/FVCI/21-22/0502,Registered Foreign Venture Capital Investors,BREP Asia II EIP Holding NQ Pte Ltd,,,"77 Robinson Road, 13 00 Robinson 77, 068896","Apr 30, 2021 - Perpetual",,
IN/FVCI/21-22/0509,Registered Foreign Venture Capital Investors,BREP Asia II Indian Holding Co I NQ Pte Ltd,,,"77 Robinson road, 13-00 Robinson 77, 068896","Sep 02, 2021 - Perpetual",,
IN/FVCI/20-21/0496,Registered Foreign Venture Capital Investors,BREP ASIA II Indian Holding Co III NQ Pte Ltd,,,"77 Robinson Road, 13 00 Robinson 77, 068896","Feb 11, 2021 - Perpetual",,
IN/FVCI/21-22/0505,Registered Foreign Venture Capital Investors,BREP Asia III India Holding Co II Pte Ltd,,,"3 Church Street, 30 01 Samsung Hub, SINGAPORE, SINGAPORE, 049483","Jun 22, 2021 - Perpetual",,
IN/FVCI/23-24/0531,Registered Foreign Venture Capital Investors,"BrightNight India, B.V.",,,"Basisweg 10, 1043AP Amsterdam, 1043AP","Apr 05, 2023 - Perpetual",,
IN/FVCI/06-07/46,Registered Foreign Venture Capital Investors,BTS INDIA PRIVATE EQUITY FUND LIMITED,,,,"Jun 20, 2006 - Perpetual",,
IN/FVCI/25-26/0572,Registered Foreign Venture Capital Investors,BVP INDIA 2 HOLDINGS,,,,"Apr 28, 2025 - Perpetual",,
IN/FVCI/22-23/0523,Registered Foreign Venture Capital Investors,BVP India Holdings,,,"Sanne House, Bank Street, TwentyEight Cybercity, Ebene, 72201","Nov 23, 2022 - Perpetual",,
IN/FVCI/09-10/133,Registered Foreign Venture Capital Investors,CADUCEUS ASIA MAURITIUS LTD/,,,,"Jun 22, 2009 - Perpetual",,
IN/FVCF/09-10/0058,Registered Foreign Venture Capital Investors,CAMBRIDGE (MAURITIUS) LIMITED,,,"c/o Multiconsult Limited, Les Cascades Building,Edvith Cavell Street,, Port Louis,","Dec 04, 2009 - Perpetual",,
IN/FVCI/09-10/142,Registered Foreign Venture Capital Investors,CAMBRIDGE (MAURITIUS) LIMITED,,,"c/o Multiconsult Limited, Les Cascades Building,Edvith Cavell Street,, Port Louis,","Oct 12, 2009 - Perpetual",,
IN/FVCI/26-27/0615,Registered Foreign Venture Capital Investors,CC ASIA II INDIA HOLDINGS PTE. LTD.,,,,"May 15, 2026 - Perpetual",,
IN/FVCI/18-19/0470,Registered Foreign Venture Capital Investors,CDC Group Plc,,,"123 VICTORIA STREET, LONDON, UNITED KINGDOM, SW1E 6DE, 000000","Mar 19, 2019 - Perpetual",,
IN/FVCF/13-14/0206,Registered Foreign Venture Capital Investors,CDC INDIA OPPORTUNITIES LIMITED,,,"123 VICTORIA STREET, LONDON SW1E 6DE","Sep 13, 2013 - Perpetual",,
IN/FVCF/17-18/0253,Registered Foreign Venture Capital Investors,CDC South Asia Renewables Limited,,,"Level 1, 123 Victoria Street, , London, SW1E 6DE","Jun 27, 2017 - Perpetual",,
IN/FVCI/22-23/0529,Registered Foreign Venture Capital Investors,CDPQ Infrastructures Asia III Inc.,,,"A12-1000 place Jean-Paul-Riopelle, Montreal, province of Quebec, H2Z2B3","Feb 27, 2023 - Perpetual",,
IN/FVCF/17-18/0252,Registered Foreign Venture Capital Investors,CDPQ INFRASTRUCTURES ASIA PTE. LTD.,,,"One Raffles Quay, 39 01 North Tower, SINGAPORE, SINGAPORE, 048583","Apr 12, 2017 - Perpetual",,
:,Registered Custodians,,,,,,,
IN/CUS/019,Registered Custodians,AXIS BANK LTD,,,"""Trishul"", 3rd floor, Opposite Samartheshwar Temple, Law Garden, Ellis Bridge, AHMEDABAD, GUJARAT, 380006",Valid Unless Suspended or Cancelled by the Board,,
IN/CUS/023,Registered Custodians,BNP PARIBAS,,,"BNP PARIBAS HOUSE, 1 NOTHER AVENUE, MAKER MAXITY, BANDRA-KURLA COMPLEX, BANDRA (EAST), MUMBAI, MAHARASHTRA, 400051",Valid Unless Suspended or Cancelled by the Board,,
4,Registered Custodians,CITI BANK N.A.,,,"TRENT HOUSE, G, BLOCK, PLOT NO 60, BANDRA KURLA COMPLEX, BANDRA EAST, MUMBAI, MAHARASHTRA, 400051",Valid Unless Suspended or Cancelled by the Board,,
IN/CUS/026,Registered Custodians,DBS Bank India Limited,custodyindia@dbs.com,9102266131268,"GF Nos.11 & 12 & FF- Nos.110 to 115, CAPITAL POINT BKS MARG,, CONNAUGHT PLACE, DELHI, DELHI, NATIONAL CAPITAL TERRITORY OF DELHI, 110001",Valid Unless Suspended or Cancelled by the Board,,
3,Registered Custodians,DEUTSCHE BANK AG,,,"DB House Hazarimal Somani Marg, FORT, MUMBAI, MAHARASHTRA, 400001",Valid Unless Suspended or Cancelled by the Board,,
1,Registered Custodians,HDFC BANK LIMITED,sebicompliance@hdfcbank.com,9102230752892,"HDFC BANK HOUSE, Senapati Bapat Marg,, Lower Parel (West), MUMBAI, MAHARASHTRA, 400013",Valid Unless Suspended or Cancelled by the Board,,
5,Registered Custodians,ICICI BANK LIMITED,,,"Landmark, Race course Circle, VADODARA, GUJARAT, 390007",Valid Unless Suspended or Cancelled by the Board,,
8,Registered Custodians,IL&FS SECURITIES SERVICES LIMITED,sk.mukhopadhyay@issl.co.in,9102242493000,"IL&FS House, Plot No 14, Raheja Vihar, Chandivali, Andheri (E), MUMBAI, MAHARASHTRA, 400072",Valid Unless Suspended or Cancelled by the Board,,
14,Registered Custodians,"JP MORGAN CHASE BANK, N.A.",india.operations@jpmorgan.com,9102266492587,"J.P.Morgan Tower Off C.S.T Road, Kalina, Santacruz East, MUMBAI, MAHARASHTRA, 400098",Valid Unless Suspended or Cancelled by the Board,,
IN/CUS/017,Registered Custodians,KOTAK MAHINDRA BANK LIMITED,,,"2nd Floor, Bakhtawar, 229, Nariman Point, MUMBAI, MAHARASHTRA, 400021",Valid Unless Suspended or Cancelled by the Board,,
IN/CUS/027,Registered Custodians,Nuvama Custodial Services Limited,Ecsl.Compliance@edelweissfin.com,002240635487,"EDELWEISS HOUSE, OFF CST ROAD KALINA, MUMBAI, MAHARASHTRA, 400098",Valid Unless Suspended or Cancelled by the Board,,
IN/CUS/020,Registered Custodians,ORBIS FINANCIAL CORPORATION LTD,,,"4A, Ocus Technopolis, Sector-54, Golf Club Road, GURGAON, HARYANA, 122002",Valid Unless Suspended or Cancelled by the Board,,
IN/CUS/022,Registered Custodians,SBI-SG GLOBAL SECURITIES SERVICES PVT. LTD.,,,"12th Floor State Bank Bhavan, , Madam Cama Road,, MUMBAI, MAHARASHTRA, 400021",Valid Unless Suspended or Cancelled by the Board,,
6,Registered Custodians,STANDARD CHARTERED BANK,prabhat.gupta@sc.com,9102261157553,"Standard Chartered Bank, 1 Basinghall Ave, London EC2V 5DD, LONDON, LONDON, 400009",Valid Unless Suspended or Cancelled by the Board,,
11,Registered Custodians,STOCK HOLDING CORPORATION OF INDIA LIMITED,,,"301, 3RD FLOOR, CENTREPOINT, DR. B. AMBEDKAR ROAD, PAREL, MUMBAI, MUMBAI, MAHARASHTRA, 400012",Valid Unless Suspended or Cancelled by the Board,,
9,Registered Custodians,THE HONGKONG AND SHANGHAI BANKING CORPORATION LIMITED,,,"52 / 60 M G ROAD, FORT, MUMBAI, MAHARASHTRA, 400001",Valid Unless Suspended or Cancelled by the Board,,
IN/CUS/025,Registered Custodians,YES BANK LIMITED,nagesh.srivastava@yesbank.in,9102271009921,"YES BANK LIMITED, YES BANK House, , Off Western Express Highway, Santacruz East, MUMBAI, MAHARASHTRA, 400055",Valid Unless Suspended or Cancelled by the Board,,
:,Registered Stock Brokers (Equity Segment),,,,,,:,
INZ000333130,Registered Stock Brokers (Equity Segment),1FC SECURITIES PRIVATE LIMITED,s_panakkada@hotmail.com,0919029075122,"1201, East Point, B-wing,  12th Floor, 90 feet road, Mumbai","Apr 09, 2026 - Perpetual",NATIONAL STOCK EXCHANGE OF INDIA LIMITED,1FC SECURITIES PRIVATE LIMITED
INZ000284836,Registered Stock Brokers (Equity Segment),360 ONE CAPITAL MARKET PRIVATE LIMITED,compliance@bksec.com,03322437902,"ROOM NO.3/4, 7-LYONS RANGE,","Mar 27, 2026 - Perpetual",NATIONAL STOCK EXCHANGE OF INDIA LIMITED,360 ONE CAPITAL MARKET PRIVATE LIMITED
INZ000246535,Registered Stock Brokers (Equity Segment),4A SECURITIES LIMITED,amitkumae.4agroup@gmail.com,9101149002226,"109,DLF TOWER-A JASOLA VIHAR","Apr 10, 2012 - Perpetual",INDIAN CLEARING CORPORATION LIMITED(ICCL),4A SECURITIES LIMITED
INZ000010231,Registered Stock Brokers (Equity Segment),5PAISA CAPITAL LIMITED,teamcompliance@5Paisa.com,0917738225531,"IIFL HOUSE, SUN INFOTECH PARK, ROAD NO. 16V, B-23, MIDC, THANE INDUSTRIAL AREA, WAGLE ESTATE,","Sep 30, 2015 - Perpetual",INDIAN CLEARING CORPORATION LIMITED(ICCL),5PAISA CAPITAL LIMITED
INZ000308458,Registered Stock Brokers (Equity Segment),9 CAPITAL CONSULTANTS LLP,9CAPITALCON@GMAIL.COM,919820483601,"602, GANESH DARSHAN, L.T. ROAD, BORIVALI WEST,","Sep 20, 2022 - Perpetual",NATIONAL STOCK EXCHANGE OF INDIA LIMITED,9 CAPITAL CONSULTANTS LLP
INZ000216930,Registered Stock Brokers (Equity Segment),A C AGARWAL SHARE BROKERS PRIVATE LIMITED,aca.compliance@acagarwal.com,912652361059,"406 , Payal Co Op Soc. Sayajiganj","Jan 13, 2009 - Perpetual",INDIAN CLEARING CORPORATION LIMITED(ICCL),A C AGARWAL SHARE BROKERS PRIVATE LIMITED
INB011326437,Registered Stock Brokers (Equity Segment),A C AGARWAL SHARE BROKERS PRIVATE LIMITED,,,,"Nov 23, 2010 - Perpetual",BOMBAY STOCK EXCHANGE LIMITED,A C AGARWAL SHARE BROKERS PRIVATE LIMITED
INB260992939,Registered Stock Brokers (Equity Segment),A C CHOKSI SHARE BROKERS PRIVATE LIMITED,,,,"Feb 22, 2013 - Perpetual",METROPOLITAN STOCK EXCHANGE,A C CHOKSI SHARE BROKERS PRIVATE LIMITED
INB030946535,Registered Stock Brokers (Equity Segment),A K STOCK BROKING SERVICES (P) LTD,,,,"Dec 06, 1996 - Perpetual",CALCUTTA STOCK EXCHANGE,A K STOCK BROKING SERVICES (P) LTD
INZ000173014,Registered Stock Brokers (Equity Segment),A SWAMINATHAN,pla.swaminathan@gmail.com,04522633111,33 II FLOOR LANDMARK MUTHUS MEDICKAL AGENCIES PREMISES NORTH KRISHNAN KOVIL STREET,"Mar 28, 2018 - Perpetual",NATIONAL STOCK EXCHANGE OF INDIA LIMITED,A SWAMINATHAN
INB011290633,Registered Stock Brokers (Equity Segment),A TO Z STOCK TRADE PRIVATE LIMITED,,,,"Aug 11, 2011 - Perpetual",BOMBAY STOCK EXCHANGE LIMITED,A TO Z STOCK TRADE PRIVATE LIMITED
INZ000305026,Registered Stock Brokers (Equity Segment),A&G STOCK BROKING & CO,angstockbroking@gmail.com,9102178530376655,"PLOT NO.275,AMBIKA NAGAR, MIDC ROAD SOLAPUR","Mar 07, 2022 - Perpetual",NSE Clearing Limited,A&G STOCK BROKING & CO
INZ000198136,Registered Stock Brokers (Equity Segment),A. C. CHOKSI SHARE BROKERS PVT. LTD.,COMPLIANCE@ACCHOKSI.COM,9102222044000,"ITTS HOUSE,2ND FLOOR, ROPE WALK STREET,KALAGHODA28,K.DUBASH MARG","Jan 13, 1998 - Perpetual",BOMBAY STOCK EXCHANGE LIMITED,A. C. CHOKSI SHARE BROKERS PVT. LTD.
INZ000239939,Registered Stock Brokers (Equity Segment),A. K. EQUITIES PVT. LTD.,compliance@akequities.com,0917039780793,"4th Floor, Kalpataru Heritage 127, M. G. Road, Fort","Sep 15, 2003 - Perpetual",BOMBAY STOCK EXCHANGE LIMITED,A. K. EQUITIES PVT. LTD.
INB011198539,Registered Stock Brokers (Equity Segment),A. K. EQUITIES PVT. LTD.,,,,"Sep 15, 2003 - Perpetual",NATIONAL STOCK EXCHANGE OF INDIA LIMITED,A. K. EQUITIES PVT. LTD.
INZ000240830,Registered Stock Brokers (Equity Segment),A. K. STOCKMART PRIVATE LIMITED,compliance.akspl@akgroup.co.in,9102267546500,"601-602, 6th Floor, Windsor, Off CST Road Kalina, Santacruz (East)","Jun 14, 2006 - Perpetual",BOMBAY STOCK EXCHANGE LIMITED,A. K. STOCKMART PRIVATE LIMITED
INZ000292027,Registered Stock Brokers (Equity Segment),A. N. SECURITIES,abhishek1993jain@gmail.com,919910156233,"A-16,SURAJMAL VIHAR,","Jan 18, 2011 - Perpetual",NATIONAL STOCK EXCHANGE OF INDIA LIMITED,A. N. SECURITIES
INZ000212336,Registered Stock Brokers (Equity Segment),A.A.DOSHI SHARE & STOCK BROKERS LIMITED,info@aadoshi.in,9102222721086,"R-711, ROTUNDA BUILDING BOMBAY SAMACHAR MARG,  FORT","Oct 12, 1994 - Perpetual",INDIAN CLEARING CORPORATION LIMITED(ICCL),A.A.DOSHI SHARE & STOCK BROKERS LIMITED
INB260639639,Registered Stock Brokers (Equity Segment),A.A.DOSHI SHARE & STOCK BROKERS LIMITED,,,,"Dec 10, 2012 - Perpetual",METROPOLITAN STOCK EXCHANGE,A.A.DOSHI SHARE & STOCK BROKERS LIMITED
INZ000169733,Registered Stock Brokers (Equity Segment),A.G. SHARES & SECURITIES LTD.,compliance@agssl.in,007976568943,"SHOP NO 1, FIRST FLOOR 20/4,SHOP NO 1 MARUTI TOWER, SANJAY PLACE","Nov 22, 1995 - Perpetual",INDIAN CLEARING CORPORATION LIMITED(ICCL),A.G. SHARES & SECURITIES LTD.
INB261269535,Registered Stock Brokers (Equity Segment),A.K. STOCKMART PRIVATE LIMITED,,,,"Apr 09, 2013 - Perpetual",METROPOLITAN STOCK EXCHANGE,A.K. STOCKMART PRIVATE LIMITED
INZ000194330,Registered Stock Brokers (Equity Segment),A.P.T. RESEARCH PRIVATE LIMITED,accounts@aptportfolio.com,0919990214232,"UNIT NO. 303A, 303B, 304A & 304B THRID FLOOR TOWER A, WTC, GIFT CITY,BLOCK NO. -51,  ROAD-5E, ZONE -5, GIFT CITY","Jun 18, 2010 - Perpetual",INDIAN CLEARING CORPORATION LIMITED(ICCL),A.P.T. RESEARCH PRIVATE LIMITED
INB010993337,Registered Stock Brokers (Equity Segment),AARAYAA FINSTOCK PVT LTD,,,,"Jan 13, 1998 - Perpetual",BOMBAY STOCK EXCHANGE LIMITED,AARAYAA FINSTOCK PVT LTD
INZ000317632,Registered Stock Brokers (Equity Segment),AARITYA BROKING PRIVATE LIMITED,vaibhav@aaritya.com,000809833611421,"3rd floor, Brigade Metropolis Summit B Whitefield, Mahadevpura","Apr 30, 2024 - Perpetual",BOMBAY STOCK EXCHANGE LIMITED,AARITYA BROKING PRIVATE LIMITED
INZ000291038,Registered Stock Brokers (Equity Segment),AARNIK SECURITIES PVT. LTD.,aarniksec@yahoo.co.in,9102222088750,"509,DALAMAL CHAMBERS 29,NEW MARINE LINES","Jun 27, 2000 - Perpetual",NATIONAL STOCK EXCHANGE OF INDIA LIMITED,AARNIK SECURITIES PVT. LTD.
INB011457539,Registered Stock Brokers (Equity Segment),AARUSH EQUITIES PRIVATE LIMITED,,,,"May 29, 2012 - Perpetual",BOMBAY STOCK EXCHANGE LIMITED,AARUSH EQUITIES PRIVATE LIMITED
INB011413334,Registered Stock Brokers (Equity Segment),AARYA EQUITY (INDIA) PRIVATE LIMITED,,,,"Dec 09, 2010 - Perpetual",BOMBAY STOCK EXCHANGE LIMITED,AARYA EQUITY (INDIA) PRIVATE LIMITED
INB231413338,Registered Stock Brokers (Equity Segment),AARYA EQUITY (INDIA) PRIVATE LIMITED,,,,"Oct 05, 2010 - Perpetual",NATIONAL STOCK EXCHANGE OF INDIA LIMITED,AARYA EQUITY (INDIA) PRIVATE LIMITED
INZ000318434,Registered Stock Brokers (Equity Segment),AASHVIK SECURITIES PRIVATE LIMITED,prashantbisht@aashvikcapital.com,0919769793599,"111, ADITYA HERITAGE, FIRST FLOOR, MINDSPACE, BEHD INORBIT MALL, OFF MALAD LINK ROAD, MALAD (WEST)","Jun 26, 2024 - Perpetual",NATIONAL STOCK EXCHANGE OF INDIA LIMITED,AASHVIK SECURITIES PRIVATE LIMITED
INZ000032733,Registered Stock Brokers (Equity Segment),ABANS BROKING SERVICES PVT LTD,COMPLIANCE@ABANS.CO.IN,02261790000,"13 A B C, Mittal Chambers Barrister Rajni Patel Marg, NARIMAN POINT","Dec 24, 2015 - Perpetual",NSE Clearing Limited,ABANS BROKING SERVICES PVT LTD
INB261349436,Registered Stock Brokers (Equity Segment),ABANS SECURITIES LIMITED,,,,"Jan 17, 2013 - Perpetual",METROPOLITAN STOCK EXCHANGE,ABANS SECURITIES LIMITED
INB011349439,Registered Stock Brokers (Equity Segment),ABANS SECURITIES LIMITED,,,,"Oct 01, 2009 - Perpetual",BOMBAY STOCK EXCHANGE LIMITED,ABANS SECURITIES LIMITED
INB231349433,Registered Stock Brokers (Equity Segment),ABANS SECURITIES LIMITED,,,,"Sep 17, 2009 - Perpetual",NATIONAL STOCK EXCHANGE OF INDIA LIMITED,ABANS SECURITIES LIMITED
INZ000194431,Registered Stock Brokers (Equity Segment),ABANS SECURITIES PRIVATE LIMITED,compliance@abans.co.in,02261790000,"13 A B C, 1ST FLOOR, MITTAL CHAMBERS, BARRISTER RAJNI PATEL MARG, NARIMAN POINT","Aug 22, 2014 - Perpetual",NSE Clearing Limited,ABANS SECURITIES PRIVATE LIMITED
INZ000310834,Registered Stock Brokers (Equity Segment),Abbott Wealth Management Limited,parthasarathi.addya@gmail.com,00003340041043,"3rd Floor, Room no. 320 7, Grant Lane","Jan 12, 2023 - Perpetual",BOMBAY STOCK EXCHANGE LIMITED,Abbott Wealth Management Limited
INB030492628,Registered Stock Brokers (Equity Segment),ABHA CHANGOIWALA,,,,"Jan 25, 1993 - Perpetual",CALCUTTA STOCK EXCHANGE,GOPIKISHAN CHAMPALAL
INB030043011,Registered Stock Brokers (Equity Segment),ABHIJIT UPADHYAYA,,,,"Nov 30, 1992 - Perpetual",CALCUTTA STOCK EXCHANGE,ABHIJIT UPADHAYAYA & CO.
INZ000294339,Registered Stock Brokers (Equity Segment),ABHIK FINANCE PRIVATE LIMITED,,,,"Aug 01, 2000 - Perpetual",METROPOLITAN STOCK EXCHANGE,ABHIK FINANCE PRIVATE LIMITED
INZ000202134,Registered Stock Brokers (Equity Segment),ABHINANDAN STOCK BROKING PRIVATE LIMITED,nirmal@abhinandangroup.com,9103365351037,"95,3RD FLOOR,SARAT BOSE ROAD","Mar 22, 2011 - Perpetual",INDIAN CLEARING CORPORATION LIMITED(ICCL),ABHINANDAN STOCK BROKING PRIVATE LIMITED
:,Registered Stock Brokers (Equity Derivative Segment),,,,,,:,
INZ000333130,Registered Stock Brokers (Equity Derivative Segment),1FC SECURITIES PRIVATE LIMITED,s_panakkada@hotmail.com,0919029075122,"1201, East Point, B-wing,  12th Floor, 90 feet road, Mumbai","Apr 09, 2026 - Perpetual",NATIONAL STOCK EXCHANGE OF INDIA LIMITED,1FC SECURITIES PRIVATE LIMITED
INZ000284836,Registered Stock Brokers (Equity Derivative Segment),360 ONE CAPITAL MARKET PRIVATE LIMITED,compliance@bksec.com,03322437902,"ROOM NO.3/4, 7-LYONS RANGE,","Mar 27, 2026 - Perpetual",INDIAN CLEARING CORPORATION LIMITED(ICCL),360 ONE CAPITAL MARKET PRIVATE LIMITED
INZ000246535,Registered Stock Brokers (Equity Derivative Segment),4A SECURITIES LIMITED,amitkumae.4agroup@gmail.com,9101149002226,"109,DLF TOWER-A JASOLA VIHAR","Apr 10, 2012 - Perpetual",NATIONAL STOCK EXCHANGE OF INDIA LIMITED,4A SECURITIES LIMITED
INZ000010231,Registered Stock Brokers (Equity Derivative Segment),5PAISA CAPITAL LIMITED,teamcompliance@5Paisa.com,0917738225531,"IIFL HOUSE, SUN INFOTECH PARK, ROAD NO. 16V, B-23, MIDC, THANE INDUSTRIAL AREA, WAGLE ESTATE,","Sep 30, 2015 - Perpetual",NSE Clearing Limited,5PAISA CAPITAL LIMITED
INZ000308458,Registered Stock Brokers (Equity Derivative Segment),9 CAPITAL CONSULTANTS LLP,9CAPITALCON@GMAIL.COM,919820483601,"602, GANESH DARSHAN, L.T. ROAD, BORIVALI WEST,","Sep 20, 2022 - Perpetual",NATIONAL STOCK EXCHANGE OF INDIA LIMITED,9 CAPITAL CONSULTANTS LLP
INZ000216930,Registered Stock Brokers (Equity Derivative Segment),A C AGARWAL SHARE BROKERS PRIVATE LIMITED,aca.compliance@acagarwal.com,912652361059,"406 , Payal Co Op Soc. Sayajiganj","Jan 13, 2009 - Perpetual",NSE Clearing Limited,A C AGARWAL SHARE BROKERS PRIVATE LIMITED
INF230855437,Registered Stock Brokers (Equity Derivative Segment),A K I FINANCE AND SECURITIES (P) LTD,,,,"Apr 24, 2002 - Perpetual",NATIONAL STOCK EXCHANGE OF INDIA LIMITED,A K I FINANCE AND SECURITIES (P) LTD
INZ000173014,Registered Stock Brokers (Equity Derivative Segment),A SWAMINATHAN,pla.swaminathan@gmail.com,04522633111,33 II FLOOR LANDMARK MUTHUS MEDICKAL AGENCIES PREMISES NORTH KRISHNAN KOVIL STREET,"Mar 28, 2018 - Perpetual",NATIONAL STOCK EXCHANGE OF INDIA LIMITED,A SWAMINATHAN
INF011290633,Registered Stock Brokers (Equity Derivative Segment),A TO Z STOCK TRADE PRIVATE LIMITED,,,,"Aug 11, 2011 - Perpetual",BOMBAY STOCK EXCHANGE LIMITED,A TO Z STOCK TRADE PRIVATE LIMITED
INZ000305026,Registered Stock Brokers (Equity Derivative Segment),A&G STOCK BROKING & CO,angstockbroking@gmail.com,9102178530376655,"PLOT NO.275,AMBIKA NAGAR, MIDC ROAD SOLAPUR","Mar 07, 2022 - Perpetual",NATIONAL STOCK EXCHANGE OF INDIA LIMITED,A&G STOCK BROKING & CO
INZ000198136,Registered Stock Brokers (Equity Derivative Segment),A. C. CHOKSI SHARE BROKERS PVT. LTD.,COMPLIANCE@ACCHOKSI.COM,9102222044000,"ITTS HOUSE,2ND FLOOR, ROPE WALK STREET,KALAGHODA28,K.DUBASH MARG","Jan 13, 1998 - Perpetual",BOMBAY STOCK EXCHANGE LIMITED,A. C. CHOKSI SHARE BROKERS PVT. LTD.
INZ000239939,Registered Stock Brokers (Equity Derivative Segment),A. K. EQUITIES PVT. LTD.,compliance@akequities.com,0917039780793,"4th Floor, Kalpataru Heritage 127, M. G. Road, Fort","Sep 15, 2003 - Perpetual",NATIONAL STOCK EXCHANGE OF INDIA LIMITED,A. K. EQUITIES PVT. LTD.
INZ000240830,Registered Stock Brokers (Equity Derivative Segment),A. K. STOCKMART PRIVATE LIMITED,compliance.akspl@akgroup.co.in,9102267546500,"601-602, 6th Floor, Windsor, Off CST Road Kalina, Santacruz (East)","Jun 14, 2006 - Perpetual",NATIONAL STOCK EXCHANGE OF INDIA LIMITED,A. K. STOCKMART PRIVATE LIMITED
INZ000292027,Registered Stock Brokers (Equity Derivative Segment),A. N. SECURITIES,abhishek1993jain@gmail.com,919910156233,"A-16,SURAJMAL VIHAR,","Jan 18, 2011 - Perpetual",NATIONAL STOCK EXCHANGE OF INDIA LIMITED,A. N. SECURITIES
INF260639639,Registered Stock Brokers (Equity Derivative Segment),A.A.DOSHI SHARE & STOCK BROKERS LIMITED,,,,"Dec 10, 2012 - Perpetual",METROPOLITAN STOCK EXCHANGE,A.A.DOSHI SHARE & STOCK BROKERS LIMITED
INZ000212336,Registered Stock Brokers (Equity Derivative Segment),A.A.DOSHI SHARE & STOCK BROKERS LIMITED,info@aadoshi.in,9102222721086,"R-711, ROTUNDA BUILDING BOMBAY SAMACHAR MARG,  FORT","Oct 12, 1994 - Perpetual",BOMBAY STOCK EXCHANGE LIMITED,A.A.DOSHI SHARE & STOCK BROKERS LIMITED
INZ000169733,Registered Stock Brokers (Equity Derivative Segment),A.G. SHARES & SECURITIES LTD.,compliance@agssl.in,007976568943,"SHOP NO 1, FIRST FLOOR 20/4,SHOP NO 1 MARUTI TOWER, SANJAY PLACE","Nov 22, 1995 - Perpetual",NATIONAL STOCK EXCHANGE OF INDIA LIMITED,A.G. SHARES & SECURITIES LTD.
INZ000194330,Registered Stock Brokers (Equity Derivative Segment),A.P.T. RESEARCH PRIVATE LIMITED,accounts@aptportfolio.com,0919990214232,"UNIT NO. 303A, 303B, 304A & 304B THRID FLOOR TOWER A, WTC, GIFT CITY,BLOCK NO. -51,  ROAD-5E, ZONE -5, GIFT CITY","Jun 18, 2010 - Perpetual",BOMBAY STOCK EXCHANGE LIMITED,A.P.T. RESEARCH PRIVATE LIMITED
INF231254435,Registered Stock Brokers (Equity Derivative Segment),AADINATH SECURITIES PVT. LTD.,,,,"Mar 16, 2006 - Perpetual",NATIONAL STOCK EXCHANGE OF INDIA LIMITED,AADINATH SECURITIES PVT. LTD.
INZ000317632,Registered Stock Brokers (Equity Derivative Segment),AARITYA BROKING PRIVATE LIMITED,vaibhav@aaritya.com,000809833611421,"3rd floor, Brigade Metropolis Summit B Whitefield, Mahadevpura","Apr 30, 2024 - Perpetual",BOMBAY STOCK EXCHANGE LIMITED,AARITYA BROKING PRIVATE LIMITED
INZ000291038,Registered Stock Brokers (Equity Derivative Segment),AARNIK SECURITIES PVT. LTD.,aarniksec@yahoo.co.in,9102222088750,"509,DALAMAL CHAMBERS 29,NEW MARINE LINES","Jun 27, 2000 - Perpetual",NATIONAL STOCK EXCHANGE OF INDIA LIMITED,AARNIK SECURITIES PVT. LTD.
INF011457539,Registered Stock Brokers (Equity Derivative Segment),AARUSH EQUITIES PRIVATE LIMITED,,,,"May 29, 2012 - Perpetual",BOMBAY STOCK EXCHANGE LIMITED,AARUSH EQUITIES PRIVATE LIMITED
INZ000318434,Registered Stock Brokers (Equity Derivative Segment),AASHVIK SECURITIES PRIVATE LIMITED,prashantbisht@aashvikcapital.com,0919769793599,"111, ADITYA HERITAGE, FIRST FLOOR, MINDSPACE, BEHD INORBIT MALL, OFF MALAD LINK ROAD, MALAD (WEST)","Jun 26, 2024 - Perpetual",NATIONAL STOCK EXCHANGE OF INDIA LIMITED,AASHVIK SECURITIES PRIVATE LIMITED
INZ000032733,Registered Stock Brokers (Equity Derivative Segment),ABANS BROKING SERVICES PVT LTD,COMPLIANCE@ABANS.CO.IN,02261790000,"13 A B C, Mittal Chambers Barrister Rajni Patel Marg, NARIMAN POINT","Dec 24, 2015 - Perpetual",NSE Clearing Limited,ABANS BROKING SERVICES PVT LTD
INF231349433,Registered Stock Brokers (Equity Derivative Segment),ABANS SECURITIES LIMITED,,,,"Sep 17, 2009 - Perpetual",NSE Clearing Limited,ABANS SECURITIES LIMITED
INF011349439,Registered Stock Brokers (Equity Derivative Segment),ABANS SECURITIES LIMITED,,,,"Oct 01, 2009 - Perpetual",BOMBAY STOCK EXCHANGE LIMITED,ABANS SECURITIES LIMITED
INF261349436,Registered Stock Brokers (Equity Derivative Segment),ABANS SECURITIES LIMITED,,,,"Jan 17, 2013 - Perpetual",METROPOLITAN CLEARING CORPORATION,ABANS SECURITIES LIMITED
INZ000194431,Registered Stock Brokers (Equity Derivative Segment),ABANS SECURITIES PRIVATE LIMITED,compliance@abans.co.in,02261790000,"13 A B C, 1ST FLOOR, MITTAL CHAMBERS, BARRISTER RAJNI PATEL MARG, NARIMAN POINT","Aug 22, 2014 - Perpetual",INDIAN CLEARING CORPORATION LIMITED(ICCL),ABANS SECURITIES PRIVATE LIMITED
INZ000310834,Registered Stock Brokers (Equity Derivative Segment),Abbott Wealth Management Limited,parthasarathi.addya@gmail.com,00003340041043,"3rd Floor, Room no. 320 7, Grant Lane","Jan 12, 2023 - Perpetual",BOMBAY STOCK EXCHANGE LIMITED,Abbott Wealth Management Limited
INZ000294339,Registered Stock Brokers (Equity Derivative Segment),ABHIK FINANCE PRIVATE LIMITED,,,,"Aug 01, 2000 - Perpetual",METROPOLITAN STOCK EXCHANGE,ABHIK FINANCE PRIVATE LIMITED
INZ000202134,Registered Stock Brokers (Equity Derivative Segment),ABHINANDAN STOCK BROKING PRIVATE LIMITED,nirmal@abhinandangroup.com,9103365351037,"95,3RD FLOOR,SARAT BOSE ROAD","Mar 22, 2011 - Perpetual",BOMBAY STOCK EXCHANGE LIMITED,ABHINANDAN STOCK BROKING PRIVATE LIMITED
INZ000285230,Registered Stock Brokers (Equity Derivative Segment),ABHIPRA CAPITAL LTD.,cs@abhipra.com,0919810779562,"GF-58-59,WORLD TRADE CENTRE,BARAKHAMBA LANE","Oct 19, 1995 - Perpetual",NATIONAL STOCK EXCHANGE OF INDIA LIMITED,ABHIPRA CAPITAL LTD.
INZ000211332,Registered Stock Brokers (Equity Derivative Segment),ABIRA SECURITIES LIMITED,info@abiragroup.in,9102268959022,"1501 Lodha Aria CHS CS No 6 207 CS No 6 207, TJ Road Sewri","Jul 06, 2023 - Perpetual",BOMBAY STOCK EXCHANGE LIMITED,ABIRA SECURITIES LIMITED
INZ000317833,Registered Stock Brokers (Equity Derivative Segment),ABSOLUTE BROKING PRIVATE LIMITED,karthik.ks@absolutebroking.com,00000000000,"SHRI DEVI PARK, GROUND FLOOR, NO. 1, HANUMANTH ROAD, THYGARAYA NAGAR,","Jun 12, 2024 - Perpetual",NATIONAL STOCK EXCHANGE OF INDIA LIMITED,ABSOLUTE BROKING PRIVATE LIMITED
INZ000305857,Registered Stock Brokers (Equity Derivative Segment),ACA Finserv LLP,acafinserv@gmail.com,9102652363434,"408, Payal Co op Society Sayajigunj","Mar 30, 2022 - Perpetual",NATIONAL STOCK EXCHANGE OF INDIA LIMITED,ACA Finserv LLP
INF031468730,Registered Stock Brokers (Equity Derivative Segment),ACCRETION SECURITIES PRIVATE LIMITED,,,,"Jan 28, 2013 - Perpetual",CALCUTTA STOCK EXCHANGE,ACCRETION SECURITIES PRIVATE LIMITED
INZ000319433,Registered Stock Brokers (Equity Derivative Segment),Acegrowth Brokers Private Limited,srarneja@yahoo.com,09101168229596,"House no. 842, 3rd Floor BlOCK-D, Saraswati Vihar, Pitampura,","Jul 31, 2024 - Perpetual",NATIONAL STOCK EXCHANGE OF INDIA LIMITED,Acegrowth Brokers Private Limited
INZ000104331,Registered Stock Brokers (Equity Derivative Segment),Acemoney Securities Private Limited,info@acemoneyindia.com,0918826664500,"907, 9th Floor, Kailash Building, 26, KG Marg,","Feb 01, 2022 - Perpetual",NATIONAL STOCK EXCHANGE OF INDIA LIMITED,Acemoney Securities Private Limited
INF011352839,Registered Stock Brokers (Equity Derivative Segment),ACHIEVERS SECURITIES PRIVATE LIMITED,,,,"Jun 24, 2011 - Perpetual",BOMBAY STOCK EXCHANGE LIMITED,ACHIEVERS SECURITIES PRIVATE LIMITED
INZ000015535,Registered Stock Brokers (Equity Derivative Segment),ACHINTYA COMMODITIES PVT LTD,arpit@achintya.co.in,9109307988850,"12th Floor, Unit No 1209, Dalal Street, Block No 53, Building No. 53E, Road-5E, Zone-5, Gift City,","Dec 24, 2015 - Perpetual",NATIONAL STOCK EXCHANGE OF INDIA LIMITED,ACHINTYA COMMODITIES PVT LTD
